order_id,order_date,customer_id,product_id,quantity,revenue,cost,status
O-0001,2026-06-08,C-010,P-21,2,2998,2143.48,Completed
O-0002,2026-04-06,C-020,P-12,3,1992.15,1251.24,Completed
O-0003,2026-05-22,C-051,P-42,4,1516.2,868.2,Completed
O-0004,2026-05-16,C-026,P-22,3,1017.45,600.49,Returned
O-0005,2026-04-23,C-022,P-41,1,629.1,393.35,Completed
O-0006,2026-05-06,C-067,P-32,4,5996,3009.05,Completed
O-0007,2026-06-06,C-062,P-32,2,2848.1,1479.06,Canceled
O-0008,2026-05-15,C-077,P-43,1,629.1,439.53,Completed
O-0009,2026-06-14,C-069,P-13,1,339.15,156.13,Completed
O-0010,2026-06-09,C-055,P-13,2,758.1,509.25,Returned
O-0011,2026-05-25,C-072,P-11,1,899.1,511.46,Completed
O-0012,2026-05-18,C-052,P-51,4,1356.6,827.04,Completed
O-0013,2026-06-11,C-022,P-12,1,629.1,313.33,Completed
O-0014,2026-05-31,C-024,P-33,1,1349.1,837.95,Completed
O-0015,2026-04-04,C-092,P-11,2,1798.2,908.19,Completed
O-0016,2026-05-13,C-051,P-22,1,399,216.16,Completed
O-0017,2026-05-29,C-089,P-32,1,1349.1,636.67,Completed
O-0018,2026-06-13,C-026,P-43,4,2656.2,1777.9,Completed
O-0019,2026-05-21,C-037,P-13,4,1356.6,874.31,Canceled
O-0020,2026-06-21,C-013,P-41,4,2516.4,1248.42,Returned
O-0021,2026-05-15,C-002,P-33,2,2998,1840.82,Completed
O-0022,2026-05-10,C-014,P-53,2,798,382.57,Completed
O-0023,2026-05-03,C-038,P-22,2,798,377.82,Canceled
O-0024,2026-05-24,C-035,P-53,3,1077.3,556.9,Completed
O-0025,2026-06-10,C-004,P-42,2,758.1,338.66,Completed
O-0026,2026-04-03,C-091,P-22,4,1436.4,755.4,Completed
O-0027,2026-04-13,C-053,P-43,4,2656.2,1162.72,Returned
O-0028,2026-04-20,C-074,P-33,4,5396.4,3404.0,Completed
O-0029,2026-06-21,C-093,P-23,4,1596,747.5,Completed
O-0030,2026-05-11,C-059,P-22,3,1077.3,593.43,Completed
O-0031,2026-05-25,C-098,P-43,1,699,478.2,Canceled
O-0032,2026-06-24,C-053,P-21,3,4047.3,2248.75,Completed
O-0033,2026-05-23,C-094,P-33,2,2998,1842.02,Canceled
O-0034,2026-05-12,C-064,P-31,1,1349.1,742.88,Completed
O-0035,2026-05-04,C-075,P-21,4,5696.2,3431.37,Completed
O-0036,2026-05-08,C-002,P-43,1,699,335.71,Returned
O-0037,2026-04-14,C-065,P-31,3,4272.15,3040.24,Completed
O-0038,2026-06-07,C-085,P-33,3,4272.15,2896.51,Completed
O-0039,2026-04-24,C-040,P-21,4,5396.4,3324.12,Completed
O-0040,2026-06-04,C-041,P-42,4,1596,952.98,Canceled
O-0041,2026-06-30,C-012,P-32,1,1274.15,823.34,Completed
O-0042,2026-04-10,C-062,P-51,2,758.1,544.07,Completed
O-0043,2026-06-29,C-069,P-31,4,5996,3557.35,Completed
O-0044,2026-06-30,C-057,P-22,1,359.1,233.23,Completed
O-0045,2026-05-06,C-043,P-11,4,3596.4,1860.14,Completed
O-0046,2026-04-21,C-041,P-43,3,1887.3,1062.79,Completed
O-0047,2026-06-29,C-013,P-22,3,1077.3,709.32,Returned
O-0048,2026-05-21,C-061,P-51,1,359.1,195.31,Completed
O-0049,2026-05-08,C-049,P-52,4,5996,4294.0,Completed
O-0050,2026-06-27,C-016,P-53,1,399,178.78,Canceled
O-0051,2026-05-07,C-062,P-11,3,2997,1660.53,Completed
O-0052,2026-04-21,C-012,P-52,3,4497,2051.44,Completed
O-0053,2026-05-03,C-048,P-42,3,1137.15,545.89,Canceled
O-0054,2026-04-26,C-073,P-32,2,2548.3,1808.93,Canceled
O-0055,2026-05-05,C-032,P-32,4,5996,2976.88,Completed
O-0056,2026-04-24,C-003,P-51,4,1516.2,843.9,Completed
O-0057,2026-06-16,C-079,P-12,4,2376.6,1387.48,Completed
O-0058,2026-04-18,C-044,P-21,2,2698.2,1575.58,Canceled
O-0059,2026-04-11,C-011,P-12,1,629.1,370.7,Completed
O-0060,2026-06-22,C-087,P-21,4,5996,3644.59,Completed
O-0061,2026-06-27,C-044,P-41,2,1258.2,552.15,Completed
O-0062,2026-05-05,C-021,P-41,4,2796,1196.45,Returned
O-0063,2026-04-20,C-003,P-51,2,798,485.23,Completed
O-0064,2026-04-17,C-092,P-31,3,3822.45,1690.46,Completed
O-0065,2026-05-06,C-083,P-12,2,1328.1,747.8,Completed
O-0066,2026-04-01,C-013,P-23,3,1197,503.25,Completed
O-0067,2026-06-11,C-022,P-43,3,1887.3,905.3,Canceled
O-0068,2026-05-14,C-003,P-42,2,798,380.99,Completed
O-0069,2026-06-30,C-093,P-11,4,3996,2698.01,Canceled
O-0070,2026-04-07,C-094,P-43,2,1258.2,832.61,Canceled
O-0071,2026-05-09,C-010,P-33,4,5696.2,3541.09,Completed
O-0072,2026-04-27,C-013,P-12,1,664.05,342.46,Completed
O-0073,2026-06-25,C-092,P-13,3,1077.3,484.28,Completed
O-0074,2026-05-05,C-096,P-51,3,1137.15,497.5,Completed
O-0075,2026-06-28,C-019,P-12,3,2097,1466.28,Returned
O-0076,2026-05-01,C-004,P-13,1,339.15,142.94,Canceled
O-0077,2026-05-15,C-010,P-43,2,1328.1,953.72,Canceled
O-0078,2026-06-12,C-059,P-43,4,2516.4,1807.41,Returned
O-0079,2026-05-28,C-064,P-41,2,1328.1,745.14,Completed
O-0080,2026-05-27,C-061,P-11,2,1898.1,1052.28,Completed
O-0081,2026-04-15,C-048,P-31,2,2698.2,1509.53,Completed
O-0082,2026-06-25,C-018,P-11,1,899.1,396.52,Completed
O-0083,2026-06-05,C-034,P-52,1,1349.1,745.05,Completed
O-0084,2026-05-21,C-038,P-21,4,5396.4,2837.17,Completed
O-0085,2026-04-09,C-006,P-53,1,359.1,228.83,Returned
O-0086,2026-04-09,C-059,P-51,4,1436.4,910.61,Returned
O-0087,2026-06-25,C-096,P-11,3,2847.15,1844.99,Completed
O-0088,2026-05-03,C-007,P-11,3,2547.45,1249.05,Completed
O-0089,2026-05-21,C-027,P-11,4,3996,2067.29,Canceled
O-0090,2026-05-22,C-054,P-12,1,629.1,329.23,Completed
O-0091,2026-06-30,C-021,P-32,4,5696.2,2476.9,Completed
O-0092,2026-05-25,C-046,P-31,3,4497,2734.85,Completed
O-0093,2026-05-14,C-062,P-42,1,359.1,171.08,Completed
O-0094,2026-05-19,C-092,P-23,4,1596,836.86,Completed
O-0095,2026-06-24,C-025,P-42,3,1017.45,502.19,Returned
O-0096,2026-05-17,C-015,P-53,3,1197,655.16,Completed
O-0097,2026-05-10,C-073,P-32,2,2548.3,1227.43,Canceled
O-0098,2026-05-12,C-076,P-31,3,4047.3,1920.58,Completed
O-0099,2026-04-10,C-008,P-51,4,1436.4,970.25,Completed
O-0100,2026-06-19,C-075,P-21,2,2698.2,1681.98,Returned
O-0101,2026-06-16,C-045,P-53,1,379.05,192.76,Completed
O-0102,2026-04-17,C-002,P-53,1,379.05,216.14,Canceled
O-0103,2026-06-24,C-084,P-53,4,1516.2,1072.2,Completed
O-0104,2026-04-13,C-007,P-31,3,4272.15,2887.29,Completed
O-0105,2026-04-29,C-047,P-13,3,1077.3,696.24,Completed
O-0106,2026-04-01,C-040,P-23,1,399,282.48,Completed
O-0107,2026-04-22,C-029,P-22,1,339.15,218.08,Canceled
O-0108,2026-05-17,C-014,P-32,4,5696.2,2645.99,Returned
O-0109,2026-05-11,C-002,P-42,1,399,242.65,Completed
O-0110,2026-04-01,C-007,P-41,1,629.1,279.63,Completed
O-0111,2026-04-15,C-083,P-11,2,1998,1075.02,Completed
O-0112,2026-06-15,C-034,P-41,1,664.05,289.74,Completed
O-0113,2026-04-25,C-012,P-32,1,1424.05,978.99,Completed
O-0114,2026-05-12,C-011,P-31,1,1349.1,603.62,Completed
O-0115,2026-04-12,C-033,P-52,3,3822.45,1887.56,Completed
O-0116,2026-04-03,C-078,P-41,1,594.15,386.66,Completed
O-0117,2026-04-13,C-097,P-43,2,1398,863.07,Returned
O-0118,2026-04-26,C-007,P-52,3,4497,2149.25,Returned
O-0119,2026-04-02,C-067,P-21,3,4047.3,2103.74,Completed
O-0120,2026-05-24,C-095,P-53,3,1197,627.37,Completed
O-0121,2026-05-13,C-047,P-42,2,718.2,475.4,Returned
O-0122,2026-04-17,C-020,P-32,4,5096.6,2924.99,Returned
O-0123,2026-04-28,C-093,P-13,1,359.1,203.5,Completed
O-0124,2026-06-08,C-049,P-12,1,594.15,262.9,Completed
O-0125,2026-04-28,C-014,P-33,1,1424.05,793.75,Completed
O-0126,2026-04-02,C-073,P-51,3,1077.3,642.27,Canceled
O-0127,2026-04-19,C-091,P-12,1,699,397.33,Canceled
O-0128,2026-06-26,C-056,P-32,3,3822.45,2215.18,Completed
O-0129,2026-06-21,C-100,P-22,2,678.3,438.21,Completed
O-0130,2026-04-19,C-068,P-42,4,1596,702.08,Canceled
O-0131,2026-04-21,C-099,P-42,2,798,547.23,Completed
O-0132,2026-04-29,C-019,P-13,3,1197,686.74,Completed
O-0133,2026-04-23,C-020,P-43,4,2656.2,1444.44,Canceled
O-0134,2026-06-13,C-069,P-21,1,1499,945.83,Completed
O-0135,2026-04-25,C-073,P-23,4,1596,686.07,Canceled
O-0136,2026-05-02,C-080,P-13,1,359.1,158.77,Completed
O-0137,2026-05-10,C-087,P-11,1,899.1,643.82,Completed
O-0138,2026-06-30,C-049,P-53,2,758.1,523.28,Completed
O-0139,2026-05-12,C-016,P-42,4,1356.6,710.79,Completed
O-0140,2026-06-04,C-095,P-41,3,1782.45,1273.27,Completed
O-0141,2026-06-28,C-029,P-33,3,4047.3,1876.67,Completed
O-0142,2026-06-13,C-023,P-43,4,2516.4,1127.7,Completed
O-0143,2026-06-14,C-074,P-13,3,1077.3,457.77,Returned
O-0144,2026-04-12,C-059,P-13,1,339.15,164.54,Completed
O-0145,2026-05-26,C-097,P-21,4,5096.6,3633.44,Completed
O-0146,2026-06-27,C-085,P-21,4,5396.4,3856.2,Canceled
O-0147,2026-04-29,C-022,P-12,3,1782.45,965.78,Canceled
O-0148,2026-06-03,C-052,P-41,4,2376.6,1318.16,Canceled
O-0149,2026-06-17,C-072,P-12,3,1782.45,846.67,Completed
O-0150,2026-06-03,C-022,P-42,2,678.3,387.63,Canceled
O-0151,2026-06-30,C-081,P-53,3,1197,847.1,Completed
O-0152,2026-04-16,C-078,P-31,2,2698.2,1746.41,Completed
O-0153,2026-05-14,C-006,P-53,2,798,442.83,Canceled
O-0154,2026-06-09,C-060,P-52,4,5096.6,3525.22,Canceled
O-0155,2026-04-27,C-036,P-23,1,339.15,148.81,Completed
O-0156,2026-05-30,C-048,P-13,3,1137.15,553.0,Completed
O-0157,2026-06-11,C-085,P-33,2,2698.2,1903.38,Completed
O-0158,2026-05-11,C-007,P-41,4,2516.4,1307.39,Completed
O-0159,2026-04-12,C-055,P-53,2,798,433.01,Completed
O-0160,2026-06-18,C-097,P-41,1,629.1,403.88,Completed
O-0161,2026-04-04,C-031,P-21,4,5096.6,3169.99,Completed
O-0162,2026-05-22,C-100,P-53,4,1436.4,834.15,Completed
O-0163,2026-06-20,C-032,P-51,4,1516.2,804.07,Completed
O-0164,2026-06-30,C-055,P-22,1,399,248.28,Completed
O-0165,2026-05-26,C-050,P-33,4,5996,2806.31,Completed
O-0166,2026-04-14,C-050,P-22,4,1356.6,761.86,Returned
O-0167,2026-04-05,C-077,P-53,1,339.15,158.98,Completed
O-0168,2026-06-13,C-067,P-33,1,1499,825.47,Completed
O-0169,2026-05-31,C-081,P-21,1,1499,1036.47,Completed
O-0170,2026-05-10,C-005,P-21,2,2998,1828.19,Completed
O-0171,2026-05-19,C-055,P-53,2,758.1,471.87,Completed
O-0172,2026-04-08,C-007,P-22,1,379.05,243.6,Completed
O-0173,2026-05-02,C-007,P-52,4,5396.4,2650.82,Completed
O-0174,2026-04-16,C-081,P-23,4,1356.6,789.58,Completed
O-0175,2026-05-21,C-016,P-11,2,1698.3,893.79,Completed
O-0176,2026-06-22,C-012,P-21,3,3822.45,2367.45,Completed
O-0177,2026-05-01,C-010,P-12,4,2376.6,1498.91,Completed
O-0178,2026-06-13,C-057,P-53,1,379.05,247.66,Completed
O-0179,2026-04-08,C-012,P-33,3,3822.45,2718.33,Completed
O-0180,2026-06-10,C-067,P-31,2,2548.3,1258.36,Returned
O-0181,2026-04-23,C-032,P-53,4,1436.4,902.26,Completed
O-0182,2026-04-13,C-031,P-23,3,1017.45,640.45,Completed
O-0183,2026-06-14,C-060,P-13,3,1017.45,475.66,Completed
O-0184,2026-05-05,C-067,P-53,1,339.15,185.19,Completed
O-0185,2026-05-20,C-029,P-23,1,339.15,186.55,Completed
O-0186,2026-05-31,C-011,P-42,1,339.15,216.42,Completed
O-0187,2026-04-20,C-084,P-41,3,2097,958.22,Completed
O-0188,2026-04-12,C-081,P-21,2,2848.1,1477.46,Completed
O-0189,2026-06-05,C-074,P-51,1,379.05,172.49,Completed
O-0190,2026-06-26,C-093,P-51,1,359.1,167.97,Completed
O-0191,2026-06-08,C-068,P-13,1,379.05,186.07,Completed
O-0192,2026-06-22,C-042,P-51,1,359.1,204.43,Completed
O-0193,2026-05-08,C-077,P-52,2,2698.2,1640.35,Completed
O-0194,2026-04-20,C-057,P-43,3,1992.15,1386.54,Completed
O-0195,2026-04-19,C-035,P-52,1,1349.1,857.73,Canceled
O-0196,2026-04-20,C-098,P-21,1,1349.1,885.41,Completed
O-0197,2026-06-11,C-010,P-11,2,1898.1,1144.64,Completed
O-0198,2026-05-03,C-051,P-21,3,4497,2030.7,Completed
O-0199,2026-06-06,C-047,P-11,4,3596.4,2195.57,Completed
O-0200,2026-06-17,C-086,P-41,3,1887.3,1282.05,Completed
O-0201,2026-06-01,C-083,P-21,1,1274.15,577.52,Completed
O-0202,2026-04-04,C-081,P-53,3,1017.45,572.37,Completed
O-0203,2026-06-14,C-091,P-23,3,1017.45,645.17,Completed
O-0204,2026-06-03,C-011,P-23,3,1197,805.47,Completed
O-0205,2026-05-17,C-023,P-41,3,1887.3,1242.14,Completed
O-0206,2026-05-22,C-066,P-43,3,2097,1408.35,Completed
O-0207,2026-06-04,C-005,P-42,1,379.05,249.35,Completed
O-0208,2026-06-26,C-021,P-52,3,4497,2141.57,Canceled
O-0209,2026-06-25,C-037,P-33,3,3822.45,2246.75,Completed
O-0210,2026-05-26,C-025,P-23,4,1356.6,850.69,Completed
O-0211,2026-06-08,C-032,P-21,1,1424.05,1008.62,Completed
O-0212,2026-06-02,C-057,P-41,4,2516.4,1676.85,Completed
O-0213,2026-06-28,C-036,P-21,1,1499,932.37,Completed
O-0214,2026-05-03,C-018,P-33,1,1499,913.74,Completed
O-0215,2026-05-17,C-070,P-31,3,4272.15,2632.41,Returned
O-0216,2026-06-10,C-057,P-32,3,4047.3,2691.95,Completed
O-0217,2026-06-25,C-051,P-33,1,1274.15,686.92,Completed
O-0218,2026-06-26,C-047,P-52,2,2698.2,1529.69,Completed
O-0219,2026-04-25,C-004,P-22,2,678.3,464.58,Completed
O-0220,2026-04-29,C-082,P-43,4,2376.6,1022.53,Completed
O-0221,2026-04-09,C-099,P-43,1,664.05,417.27,Completed
O-0222,2026-06-13,C-048,P-12,3,1887.3,1065.11,Canceled
O-0223,2026-04-01,C-008,P-32,4,5096.6,3520.06,Completed
O-0224,2026-06-17,C-060,P-42,2,678.3,486.6,Completed
O-0225,2026-06-02,C-054,P-43,3,1887.3,1137.72,Completed
O-0226,2026-06-12,C-088,P-43,2,1188.3,669.23,Completed
O-0227,2026-06-11,C-004,P-41,1,664.05,456.31,Completed
O-0228,2026-04-30,C-091,P-22,2,678.3,451.57,Completed
O-0229,2026-05-06,C-021,P-41,2,1328.1,777.24,Completed
O-0230,2026-04-25,C-077,P-31,1,1499,868.01,Completed
O-0231,2026-06-15,C-063,P-21,4,5696.2,3857.03,Completed
O-0232,2026-04-21,C-091,P-52,4,5996,3197.74,Returned
O-0233,2026-05-12,C-027,P-32,3,3822.45,2148.03,Completed
O-0234,2026-06-24,C-044,P-53,1,359.1,169.92,Completed
O-0235,2026-05-06,C-010,P-43,4,2656.2,1565.06,Completed
O-0236,2026-04-30,C-048,P-11,3,2697.3,1218.19,Completed
O-0237,2026-06-12,C-049,P-31,4,5096.6,3205.31,Completed
O-0238,2026-06-26,C-094,P-43,2,1398,720.53,Completed
O-0239,2026-04-17,C-019,P-33,3,3822.45,1750.62,Returned
O-0240,2026-04-30,C-045,P-32,4,5096.6,3611.01,Completed
O-0241,2026-06-26,C-024,P-33,3,4047.3,2132.08,Completed
O-0242,2026-06-14,C-089,P-11,2,1698.3,1068.04,Completed
O-0243,2026-06-29,C-002,P-51,4,1356.6,862.44,Completed
O-0244,2026-04-08,C-095,P-42,2,798,397.63,Canceled
O-0245,2026-04-08,C-022,P-53,4,1596,874.27,Completed
O-0246,2026-06-08,C-068,P-42,1,339.15,218.96,Completed
O-0247,2026-06-06,C-065,P-43,2,1328.1,823.89,Canceled
O-0248,2026-05-14,C-004,P-42,4,1436.4,1013.32,Completed
O-0249,2026-06-14,C-058,P-51,4,1596,752.24,Completed
O-0250,2026-05-01,C-044,P-32,2,2848.1,1641.02,Returned
O-0251,2026-06-23,C-012,P-21,1,1349.1,965.92,Completed
O-0252,2026-06-28,C-054,P-33,2,2548.3,1216.42,Completed
O-0253,2026-05-14,C-096,P-41,3,1887.3,869.42,Completed
O-0254,2026-05-16,C-007,P-53,4,1356.6,735.06,Completed
O-0255,2026-04-05,C-075,P-41,1,629.1,429.54,Completed
O-0256,2026-05-21,C-034,P-11,2,1798.2,1056.85,Completed
O-0257,2026-05-09,C-053,P-52,4,5096.6,2841.72,Canceled
O-0258,2026-05-18,C-032,P-33,4,5396.4,2363.25,Canceled
O-0259,2026-05-30,C-008,P-21,2,2998,2092.63,Completed
O-0260,2026-04-24,C-034,P-31,3,3822.45,1956.34,Completed
O-0261,2026-06-06,C-089,P-43,3,1782.45,1129.88,Completed
O-0262,2026-06-07,C-050,P-32,4,5096.6,2271.03,Completed
O-0263,2026-06-20,C-080,P-33,1,1499,989.46,Completed
O-0264,2026-05-10,C-014,P-41,1,629.1,275.92,Completed
O-0265,2026-05-15,C-016,P-23,2,798,399.05,Completed
O-0266,2026-04-02,C-008,P-42,1,379.05,257.63,Returned
O-0267,2026-04-03,C-016,P-33,3,4272.15,2727.91,Completed
O-0268,2026-04-23,C-045,P-42,2,758.1,434.83,Completed
O-0269,2026-04-09,C-073,P-11,2,1698.3,757.64,Completed
O-0270,2026-05-27,C-064,P-43,4,2376.6,1685.43,Completed
O-0271,2026-05-09,C-047,P-52,4,5996,3168.76,Completed
O-0272,2026-06-21,C-072,P-21,4,5096.6,2588.99,Completed
O-0273,2026-06-22,C-033,P-12,1,699,434.15,Returned
O-0274,2026-04-26,C-046,P-23,2,718.2,303.8,Completed
O-0275,2026-05-29,C-052,P-11,4,3996,2876.06,Returned
O-0276,2026-06-12,C-019,P-53,2,678.3,346.02,Completed
O-0277,2026-06-08,C-028,P-21,2,2998,2048.85,Completed
O-0278,2026-04-10,C-036,P-51,4,1436.4,996.79,Canceled
O-0279,2026-06-29,C-050,P-43,3,2097,1352.01,Completed
O-0280,2026-05-21,C-083,P-13,1,399,251.9,Canceled
O-0281,2026-06-12,C-067,P-32,1,1274.15,745.53,Completed
O-0282,2026-06-07,C-050,P-42,4,1596,956.76,Returned
O-0283,2026-06-23,C-064,P-51,4,1356.6,588.3,Completed
O-0284,2026-05-12,C-013,P-53,2,798,462.5,Completed
O-0285,2026-04-05,C-053,P-31,2,2698.2,1278.55,Completed
O-0286,2026-06-16,C-058,P-21,2,2998,1299.28,Completed
O-0287,2026-05-04,C-001,P-52,1,1274.15,599.99,Completed
O-0288,2026-05-09,C-021,P-51,3,1137.15,482.68,Returned
O-0289,2026-05-19,C-025,P-42,2,678.3,476.37,Completed
O-0290,2026-05-15,C-038,P-13,3,1017.45,638.21,Returned
O-0291,2026-05-07,C-011,P-31,3,4272.15,2822.24,Completed
O-0292,2026-05-13,C-012,P-31,1,1349.1,814.99,Completed
O-0293,2026-04-24,C-054,P-52,4,5096.6,2707.59,Returned
O-0294,2026-06-24,C-051,P-12,2,1398,955.98,Canceled
O-0295,2026-04-27,C-023,P-53,1,399,253.55,Completed
O-0296,2026-05-25,C-030,P-31,3,4497,2264.3,Completed
O-0297,2026-04-05,C-020,P-11,4,3596.4,2490.48,Canceled
O-0298,2026-06-04,C-006,P-21,3,4047.3,2847.83,Completed
O-0299,2026-05-06,C-064,P-31,3,3822.45,2470.92,Completed
O-0300,2026-04-27,C-073,P-32,1,1424.05,786.77,Completed
O-0301,2026-05-08,C-034,P-13,2,718.2,310.35,Completed
O-0302,2026-05-02,C-078,P-22,4,1516.2,987.91,Completed
O-0303,2026-04-22,C-012,P-12,1,699,460.95,Returned
O-0304,2026-04-25,C-014,P-52,4,5096.6,2815.56,Completed
O-0305,2026-06-07,C-080,P-42,3,1197,526.83,Canceled
O-0306,2026-04-30,C-094,P-32,4,5396.4,2933.54,Completed
O-0307,2026-04-08,C-065,P-11,4,3996,1788.86,Completed
O-0308,2026-04-09,C-100,P-32,3,3822.45,2279.23,Completed
O-0309,2026-05-27,C-051,P-21,3,4272.15,2685.84,Completed
O-0310,2026-04-20,C-081,P-41,2,1398,904.47,Completed
O-0311,2026-06-14,C-013,P-43,1,699,438.44,Completed
O-0312,2026-05-02,C-081,P-22,3,1197,673.71,Completed
O-0313,2026-05-21,C-053,P-51,4,1356.6,938.55,Completed
O-0314,2026-06-13,C-073,P-43,3,2097,1162.29,Canceled
O-0315,2026-05-07,C-077,P-23,1,339.15,200.17,Completed
O-0316,2026-05-20,C-022,P-23,1,339.15,235.22,Completed
O-0317,2026-04-19,C-038,P-33,4,5996,3391.36,Completed
O-0318,2026-05-07,C-033,P-51,1,339.15,176.4,Completed
O-0319,2026-05-11,C-054,P-43,3,2097,967.2,Completed
O-0320,2026-05-09,C-045,P-12,4,2516.4,1188.63,Completed
O-0321,2026-04-17,C-071,P-52,3,4272.15,2357.26,Completed
O-0322,2026-06-08,C-022,P-43,4,2376.6,1313.8,Completed
O-0323,2026-05-16,C-024,P-53,3,1197,641.76,Completed
O-0324,2026-04-28,C-039,P-51,1,399,205.26,Returned
O-0325,2026-06-12,C-065,P-31,1,1499,1023.37,Completed
O-0326,2026-06-04,C-006,P-32,1,1349.1,893.72,Completed
O-0327,2026-05-19,C-023,P-41,3,1887.3,983.13,Completed
O-0328,2026-06-19,C-099,P-33,3,3822.45,1750.96,Returned
O-0329,2026-04-04,C-049,P-22,3,1197,825.83,Completed
O-0330,2026-06-29,C-091,P-31,2,2548.3,1767.71,Returned
O-0331,2026-04-02,C-096,P-33,2,2998,1840.68,Completed
O-0332,2026-04-30,C-091,P-31,4,5396.4,3132.09,Completed
O-0333,2026-06-11,C-005,P-41,1,594.15,401.69,Completed
O-0334,2026-05-15,C-064,P-32,2,2848.1,1794.02,Completed
O-0335,2026-04-22,C-047,P-51,2,718.2,419.26,Returned
O-0336,2026-05-20,C-016,P-31,4,5396.4,2822.99,Canceled
O-0337,2026-06-28,C-036,P-12,4,2376.6,1167.14,Completed
O-0338,2026-05-04,C-095,P-12,1,699,490.75,Returned
O-0339,2026-06-11,C-070,P-41,4,2376.6,1469.88,Completed
O-0340,2026-04-24,C-031,P-11,2,1798.2,772.4,Completed
O-0341,2026-04-15,C-075,P-11,2,1798.2,1122.63,Returned
O-0342,2026-04-09,C-025,P-11,1,899.1,628.79,Completed
O-0343,2026-05-27,C-099,P-13,3,1017.45,703.3,Completed
O-0344,2026-04-22,C-031,P-13,3,1197,542.04,Completed
O-0345,2026-04-11,C-095,P-21,1,1349.1,810.43,Completed
O-0346,2026-06-12,C-063,P-21,4,5696.2,3833.93,Completed
O-0347,2026-05-17,C-011,P-21,3,4047.3,2393.87,Completed
O-0348,2026-04-28,C-008,P-13,3,1197,654.25,Returned
O-0349,2026-05-13,C-053,P-13,1,339.15,221.46,Completed
O-0350,2026-05-13,C-076,P-43,2,1258.2,675.54,Completed
O-0351,2026-04-20,C-089,P-42,1,359.1,209.26,Completed
O-0352,2026-04-06,C-092,P-23,1,359.1,234.72,Completed
O-0353,2026-05-30,C-093,P-12,3,2097,1484.37,Completed
O-0354,2026-04-20,C-078,P-42,1,379.05,266.0,Returned
O-0355,2026-05-23,C-065,P-13,3,1017.45,465.76,Completed
O-0356,2026-04-30,C-057,P-52,2,2548.3,1661.72,Completed
O-0357,2026-06-28,C-003,P-12,3,2097,1106.01,Completed
O-0358,2026-04-27,C-062,P-11,1,949.05,656.63,Completed
O-0359,2026-06-24,C-040,P-32,2,2698.2,1522.62,Completed
O-0360,2026-05-20,C-054,P-33,3,4047.3,2309.72,Completed
O-0361,2026-06-13,C-005,P-23,3,1197,563.66,Returned
O-0362,2026-05-09,C-003,P-41,3,1887.3,976.08,Completed
O-0363,2026-06-02,C-066,P-33,2,2848.1,1767.04,Completed
O-0364,2026-05-12,C-057,P-23,3,1077.3,454.65,Returned
O-0365,2026-04-01,C-013,P-41,2,1398,890.67,Completed
O-0366,2026-05-05,C-059,P-33,3,4047.3,2064.75,Completed
O-0367,2026-05-19,C-099,P-22,1,359.1,258.31,Returned
O-0368,2026-05-25,C-025,P-51,1,399,230.03,Completed
O-0369,2026-04-21,C-076,P-42,3,1077.3,741.88,Completed
O-0370,2026-06-11,C-003,P-42,3,1077.3,466.28,Completed
O-0371,2026-05-12,C-099,P-43,3,1887.3,1214.48,Completed
O-0372,2026-05-03,C-020,P-23,1,399,261.73,Completed
O-0373,2026-04-02,C-090,P-32,2,2548.3,1160.56,Completed
O-0374,2026-04-20,C-084,P-42,1,399,195.71,Canceled
O-0375,2026-06-07,C-055,P-53,1,359.1,236.7,Completed
O-0376,2026-04-03,C-040,P-13,3,1197,663.67,Completed
O-0377,2026-05-21,C-068,P-41,2,1258.2,756.46,Completed
O-0378,2026-04-09,C-033,P-52,2,2548.3,1493.87,Completed
O-0379,2026-05-29,C-024,P-13,3,1017.45,689.99,Canceled
O-0380,2026-05-09,C-018,P-41,3,1782.45,814.94,Completed
O-0381,2026-04-22,C-047,P-42,4,1516.2,656.67,Canceled
O-0382,2026-04-06,C-019,P-31,1,1349.1,572.25,Completed
O-0383,2026-04-19,C-059,P-42,2,798,411.8,Completed
O-0384,2026-04-29,C-072,P-43,2,1258.2,896.22,Completed
O-0385,2026-06-09,C-037,P-11,2,1698.3,777.19,Canceled
O-0386,2026-04-07,C-003,P-12,4,2516.4,1242.65,Completed
O-0387,2026-04-03,C-063,P-52,2,2998,1906.93,Completed
O-0388,2026-05-19,C-100,P-52,1,1274.15,694.01,Completed
O-0389,2026-05-04,C-087,P-11,1,999,422.56,Completed
O-0390,2026-04-18,C-090,P-53,2,758.1,518.84,Completed
O-0391,2026-05-14,C-008,P-33,1,1274.15,631.49,Completed
O-0392,2026-06-25,C-066,P-31,2,2698.2,1501.7,Returned
O-0393,2026-04-11,C-008,P-52,3,3822.45,2082.72,Completed
O-0394,2026-05-17,C-076,P-32,1,1274.15,753.47,Completed
O-0395,2026-06-02,C-057,P-31,4,5096.6,2661.74,Completed
O-0396,2026-05-01,C-031,P-33,2,2548.3,1120.59,Canceled
O-0397,2026-05-14,C-052,P-12,2,1188.3,732.1,Completed
O-0398,2026-06-10,C-096,P-32,1,1424.05,756.53,Completed
O-0399,2026-06-27,C-003,P-41,3,1887.3,863.62,Completed
O-0400,2026-05-13,C-059,P-53,3,1137.15,807.67,Completed
O-0401,2026-04-04,C-015,P-33,3,4272.15,2916.13,Completed
O-0402,2026-04-30,C-052,P-13,1,359.1,184.0,Completed
O-0403,2026-04-30,C-096,P-32,4,5696.2,3384.07,Completed
O-0404,2026-06-04,C-097,P-23,1,379.05,200.86,Canceled
O-0405,2026-06-23,C-006,P-51,1,379.05,241.53,Completed
O-0406,2026-04-26,C-047,P-31,4,5396.4,3357.84,Completed
O-0407,2026-04-24,C-078,P-33,2,2698.2,1533.58,Completed
O-0408,2026-06-07,C-077,P-51,3,1137.15,765.7,Completed
O-0409,2026-05-30,C-077,P-53,3,1077.3,459.87,Completed
O-0410,2026-05-28,C-090,P-33,2,2548.3,1669.0,Returned
O-0411,2026-06-04,C-092,P-13,2,798,390.17,Completed
O-0412,2026-06-28,C-030,P-41,2,1258.2,694.23,Canceled
O-0413,2026-04-19,C-093,P-52,3,4272.15,2033.57,Canceled
O-0414,2026-06-29,C-038,P-42,1,339.15,236.64,Returned
O-0415,2026-04-06,C-042,P-13,2,678.3,438.75,Canceled
O-0416,2026-04-02,C-081,P-23,3,1137.15,748.42,Completed
O-0417,2026-06-17,C-080,P-21,4,5996,3044.98,Completed
O-0418,2026-05-30,C-040,P-42,2,758.1,436.76,Completed
O-0419,2026-04-10,C-085,P-52,3,3822.45,2496.69,Completed
O-0420,2026-04-25,C-012,P-13,1,399,196.21,Completed
O-0421,2026-05-09,C-087,P-52,4,5096.6,3004.26,Completed
O-0422,2026-04-25,C-059,P-51,1,339.15,174.67,Completed
O-0423,2026-06-26,C-041,P-23,3,1017.45,525.06,Completed
O-0424,2026-04-06,C-036,P-31,2,2998,1644.84,Completed
O-0425,2026-04-05,C-028,P-32,1,1349.1,921.77,Completed
O-0426,2026-04-30,C-081,P-21,4,5996,4046.55,Canceled
O-0427,2026-06-05,C-038,P-21,3,3822.45,1829.34,Completed
O-0428,2026-05-02,C-063,P-22,2,798,489.73,Completed
O-0429,2026-05-05,C-093,P-12,2,1188.3,727.18,Completed
O-0430,2026-06-21,C-009,P-33,4,5696.2,3213.54,Completed
O-0431,2026-06-20,C-002,P-53,1,399,236.69,Completed
O-0432,2026-04-17,C-092,P-42,1,399,177.72,Completed
O-0433,2026-06-15,C-033,P-22,4,1516.2,809.44,Completed
O-0434,2026-04-07,C-013,P-32,1,1349.1,723.7,Canceled
O-0435,2026-04-04,C-021,P-21,3,4047.3,2092.68,Completed
O-0436,2026-06-07,C-089,P-13,4,1356.6,702.02,Completed
O-0437,2026-06-03,C-063,P-21,2,2698.2,1923.98,Completed
O-0438,2026-06-25,C-041,P-31,2,2848.1,1598.69,Canceled
O-0439,2026-06-04,C-072,P-52,3,4047.3,2786.16,Completed
O-0440,2026-05-16,C-089,P-13,2,758.1,452.35,Completed
O-0441,2026-06-18,C-057,P-31,1,1274.15,570.56,Returned
O-0442,2026-04-13,C-098,P-51,2,798,345.79,Completed
O-0443,2026-06-09,C-079,P-51,4,1596,1099.16,Completed
O-0444,2026-06-25,C-008,P-32,3,4047.3,2430.74,Canceled
O-0445,2026-06-28,C-010,P-42,2,758.1,404.07,Completed
O-0446,2026-04-19,C-054,P-21,2,2698.2,1467.52,Completed
O-0447,2026-04-24,C-080,P-41,3,1782.45,870.56,Completed
O-0448,2026-04-22,C-017,P-52,2,2548.3,1627.23,Completed
O-0449,2026-04-24,C-043,P-13,3,1077.3,605.72,Canceled
O-0450,2026-04-08,C-055,P-51,3,1137.15,761.1,Completed
O-0451,2026-06-23,C-007,P-53,4,1596,706.31,Completed
O-0452,2026-05-05,C-042,P-42,1,399,221.45,Completed
O-0453,2026-04-07,C-074,P-41,4,2376.6,1527.42,Completed
O-0454,2026-05-05,C-089,P-13,4,1436.4,1019.05,Canceled
O-0455,2026-05-08,C-026,P-33,3,4047.3,1777.01,Completed
O-0456,2026-05-10,C-074,P-51,2,678.3,376.32,Canceled
O-0457,2026-05-09,C-077,P-43,4,2796,1721.19,Completed
O-0458,2026-06-22,C-053,P-52,3,3822.45,1884.67,Completed
O-0459,2026-04-14,C-097,P-22,4,1356.6,886.83,Completed
O-0460,2026-06-02,C-083,P-52,1,1499,826.71,Completed
O-0461,2026-06-19,C-017,P-53,4,1596,1002.8,Completed
O-0462,2026-06-18,C-006,P-43,4,2516.4,1588.85,Completed
O-0463,2026-04-06,C-062,P-12,4,2656.2,1884.66,Canceled
O-0464,2026-04-02,C-089,P-13,3,1137.15,593.19,Completed
O-0465,2026-04-09,C-019,P-32,1,1274.15,551.78,Completed
O-0466,2026-04-20,C-005,P-42,2,758.1,393.22,Canceled
O-0467,2026-04-30,C-062,P-51,4,1516.2,1090.05,Completed
O-0468,2026-05-10,C-006,P-12,3,1782.45,954.5,Completed
O-0469,2026-06-20,C-042,P-22,1,379.05,261.58,Completed
O-0470,2026-05-06,C-031,P-23,2,798,521.03,Completed
O-0471,2026-06-01,C-001,P-52,1,1499,916.91,Completed
O-0472,2026-06-09,C-022,P-12,3,1992.15,860.59,Completed
O-0473,2026-04-07,C-050,P-52,4,5696.2,3211.96,Completed
O-0474,2026-04-13,C-025,P-31,1,1424.05,734.61,Completed
O-0475,2026-05-28,C-026,P-21,1,1349.1,579.58,Completed
O-0476,2026-04-10,C-097,P-12,4,2796,1176.47,Completed
O-0477,2026-06-10,C-068,P-52,3,4272.15,2090.05,Completed
O-0478,2026-04-19,C-082,P-23,1,359.1,177.68,Completed
O-0479,2026-04-11,C-075,P-31,3,4047.3,2617.05,Completed
O-0480,2026-06-12,C-093,P-32,2,2698.2,1924.21,Completed
O-0481,2026-06-17,C-071,P-31,3,4272.15,2305.15,Returned
O-0482,2026-05-31,C-044,P-21,2,2698.2,1265.91,Completed
O-0483,2026-05-13,C-071,P-23,3,1077.3,728.5,Completed
O-0484,2026-05-18,C-037,P-52,4,5096.6,3222.0,Completed
O-0485,2026-06-11,C-089,P-21,4,5996,2933.61,Returned
O-0486,2026-04-26,C-049,P-21,2,2548.3,1555.94,Completed
O-0487,2026-04-30,C-075,P-42,4,1436.4,912.48,Completed
O-0488,2026-06-04,C-039,P-33,1,1274.15,645.58,Completed
O-0489,2026-05-27,C-025,P-33,2,2998,1712.75,Canceled
O-0490,2026-06-07,C-010,P-53,3,1197,810.52,Canceled
O-0491,2026-04-12,C-061,P-11,4,3796.2,1672.66,Completed
O-0492,2026-04-01,C-035,P-13,3,1017.45,716.2,Completed
O-0493,2026-06-01,C-033,P-22,1,379.05,198.39,Completed
O-0494,2026-04-25,C-089,P-12,4,2796,1242.42,Completed
O-0495,2026-05-01,C-067,P-33,2,2548.3,1376.05,Completed
O-0496,2026-06-05,C-074,P-53,4,1356.6,868.91,Completed
O-0497,2026-06-13,C-090,P-23,4,1516.2,1040.5,Completed
O-0498,2026-05-06,C-037,P-52,3,4497,2169.07,Completed
O-0499,2026-04-06,C-088,P-53,2,678.3,334.65,Completed
O-0500,2026-05-29,C-047,P-42,1,339.15,153.64,Completed
