transaction_id,customer_id,transaction_date,category,amount,channel
TXN-001-1,CUST-001,2025-12-14,Electronics,653.91,App
TXN-001-2,CUST-001,2026-01-20,Home,1027.79,Store
TXN-001-3,CUST-001,2025-04-17,Fashion,1559.73,Store
TXN-001-4,CUST-001,2025-12-06,Electronics,1679.54,Web
TXN-001-5,CUST-001,2025-05-11,Beauty,1011.54,Web
TXN-001-6,CUST-001,2025-06-30,Electronics,1394.74,Web
TXN-002-1,CUST-002,2025-07-29,Fashion,949.99,App
TXN-002-2,CUST-002,2025-12-05,Fashion,1098.42,Web
TXN-002-3,CUST-002,2025-06-04,Electronics,433.95,App
TXN-002-4,CUST-002,2025-05-23,Sports,1279.98,App
TXN-002-5,CUST-002,2026-01-27,Fashion,1557.29,App
TXN-002-6,CUST-002,2026-02-17,Home,1702.44,App
TXN-002-7,CUST-002,2025-10-26,Home,1146.4,Store
TXN-002-8,CUST-002,2026-02-14,Home,617.76,Web
TXN-002-9,CUST-002,2025-07-10,Beauty,1194.04,Web
TXN-002-10,CUST-002,2025-09-12,Beauty,688.21,Web
TXN-002-11,CUST-002,2025-07-14,Home,585.1,Web
TXN-002-12,CUST-002,2025-12-19,Home,4063.6,App
TXN-002-13,CUST-002,2025-07-05,Sports,2295.48,App
TXN-002-14,CUST-002,2025-09-22,Electronics,556.97,App
TXN-002-15,CUST-002,2026-03-31,Sports,837.23,App
TXN-003-1,CUST-003,2025-08-16,Electronics,565.39,Store
TXN-003-2,CUST-003,2025-10-04,Beauty,587.01,Web
TXN-003-3,CUST-003,2026-03-27,Sports,799.6,Web
TXN-003-4,CUST-003,2026-03-18,Electronics,3986.51,App
TXN-003-5,CUST-003,2026-01-05,Home,1749.92,App
TXN-003-6,CUST-003,2026-03-31,Home,1509.38,App
TXN-003-7,CUST-003,2025-10-11,Electronics,1077.1,Store
TXN-003-8,CUST-003,2026-03-13,Sports,673.43,Web
TXN-003-9,CUST-003,2025-06-14,Electronics,1253.05,App
TXN-003-10,CUST-003,2026-03-31,Sports,3013.06,Web
TXN-003-11,CUST-003,2026-03-31,Beauty,1339.89,App
TXN-003-12,CUST-003,2025-06-18,Beauty,1024.79,Store
TXN-003-13,CUST-003,2025-12-17,Beauty,1048.91,Web
TXN-004-1,CUST-004,2026-03-31,Sports,1215.58,Store
TXN-004-2,CUST-004,2026-03-31,Beauty,1780.5,App
TXN-004-3,CUST-004,2026-03-31,Electronics,1818.1,Web
TXN-005-1,CUST-005,2025-07-21,Beauty,1147.63,Web
TXN-006-1,CUST-006,2025-05-08,Home,1833.31,Store
TXN-006-2,CUST-006,2025-12-12,Beauty,616.28,Web
TXN-006-3,CUST-006,2025-10-15,Fashion,1048.08,Store
TXN-006-4,CUST-006,2025-06-25,Home,1544.05,Web
TXN-006-5,CUST-006,2025-09-23,Beauty,1097.69,Web
TXN-006-6,CUST-006,2025-03-31,Beauty,601.62,Store
TXN-006-7,CUST-006,2025-04-22,Home,851.12,Web
TXN-006-8,CUST-006,2026-01-16,Electronics,2420.86,App
TXN-006-9,CUST-006,2025-12-22,Fashion,1361.8,Web
TXN-006-10,CUST-006,2025-08-13,Electronics,753.17,Web
TXN-007-1,CUST-007,2025-03-07,Beauty,584.65,Web
TXN-008-1,CUST-008,2025-10-13,Sports,1004.79,Web
TXN-008-2,CUST-008,2025-07-17,Electronics,1372.51,Store
TXN-009-1,CUST-009,2026-03-31,Beauty,1451.7,Web
TXN-009-2,CUST-009,2026-03-03,Sports,612.65,Web
TXN-009-3,CUST-009,2026-01-17,Sports,1255.4,Store
TXN-009-4,CUST-009,2026-02-05,Fashion,1324.39,Web
TXN-009-5,CUST-009,2025-11-08,Fashion,1003.54,Store
TXN-010-1,CUST-010,2025-06-26,Sports,2191.28,App
TXN-011-1,CUST-011,2026-02-01,Home,835.13,App
TXN-011-2,CUST-011,2025-11-04,Electronics,741.21,App
TXN-011-3,CUST-011,2025-12-30,Home,1026.58,Web
TXN-012-1,CUST-012,2026-03-04,Beauty,810.15,Store
TXN-012-2,CUST-012,2025-08-10,Sports,716.12,Store
TXN-012-3,CUST-012,2026-02-27,Electronics,1404.86,App
TXN-013-1,CUST-013,2025-10-14,Fashion,877.48,Web
TXN-013-2,CUST-013,2026-03-31,Home,1415.54,App
TXN-013-3,CUST-013,2026-03-31,Sports,1092.46,App
TXN-013-4,CUST-013,2025-05-14,Beauty,832.4,Web
TXN-013-5,CUST-013,2025-07-12,Home,1802.05,Store
TXN-013-6,CUST-013,2026-03-31,Fashion,1005.3,App
TXN-013-7,CUST-013,2026-03-31,Beauty,691.45,Store
TXN-013-8,CUST-013,2026-01-28,Beauty,1234.8,Web
TXN-013-9,CUST-013,2026-03-06,Fashion,,App
TXN-013-10,CUST-013,2026-03-31,Home,926.22,Web
TXN-013-11,CUST-013,2025-07-26,Electronics,604.14,Store
TXN-013-12,CUST-013,2025-12-03,Home,,Web
TXN-014-1,CUST-014,2026-03-31,Fashion,877.0,App
TXN-014-2,CUST-014,2025-11-21,Sports,1167.21,App
TXN-014-3,CUST-014,2026-02-05,Fashion,1465.35,Store
TXN-014-4,CUST-014,2026-01-26,Fashion,846.52,App
TXN-014-5,CUST-014,2026-03-31,Fashion,676.07,Web
TXN-014-6,CUST-014,2026-03-31,Beauty,741.46,Web
TXN-014-7,CUST-014,2025-11-29,Electronics,533.45,Store
TXN-015-1,CUST-015,2026-03-31,Beauty,933.32,Store
TXN-016-1,CUST-016,2026-03-13,Beauty,1766.6,Web
TXN-017-1,CUST-017,2025-11-29,Electronics,467.56,Web
TXN-017-2,CUST-017,2025-09-27,Home,1398.3,Store
TXN-017-3,CUST-017,2025-12-13,Home,1648.68,Web
TXN-017-4,CUST-017,2025-06-06,Sports,2293.19,Web
TXN-017-5,CUST-017,2025-08-18,Fashion,1353.14,Web
TXN-017-6,CUST-017,2026-02-14,Electronics,,Web
TXN-017-7,CUST-017,2026-01-12,Fashion,620.0,Web
TXN-017-8,CUST-017,2025-08-23,Fashion,1109.15,App
TXN-017-9,CUST-017,2025-12-11,Electronics,2394.18,Store
TXN-018-1,CUST-018,2025-10-07,Home,1171.75,Store
TXN-018-2,CUST-018,2025-10-20,Electronics,1542.08,App
TXN-018-3,CUST-018,2025-08-21,Electronics,740.18,Web
TXN-018-4,CUST-018,2025-08-13,Home,607.55,App
TXN-018-5,CUST-018,2026-03-31,Home,1680.83,Store
TXN-018-6,CUST-018,2026-01-03,Beauty,991.81,App
TXN-018-7,CUST-018,2025-08-20,Beauty,819.72,Web
TXN-018-8,CUST-018,2025-09-10,Home,2720.79,Web
TXN-018-9,CUST-018,2026-03-31,Sports,977.88,Web
TXN-018-10,CUST-018,2026-03-31,Fashion,,Store
TXN-018-11,CUST-018,2025-10-10,Beauty,642.81,App
TXN-019-1,CUST-019,2025-10-14,Electronics,1332.54,App
TXN-019-2,CUST-019,2026-03-31,Home,1203.38,App
TXN-019-3,CUST-019,2026-03-02,Sports,1049.86,App
TXN-019-4,CUST-019,2026-01-30,Sports,2136.52,Store
TXN-019-5,CUST-019,2026-03-31,Fashion,1220.6,Web
TXN-019-6,CUST-019,2026-03-31,Home,640.0,Web
TXN-019-7,CUST-019,2025-12-12,Sports,530.93,App
TXN-019-8,CUST-019,2026-01-14,Electronics,1098.5,App
TXN-019-9,CUST-019,2026-03-31,Sports,1207.39,Store
TXN-019-10,CUST-019,2026-03-31,Beauty,767.94,App
TXN-020-1,CUST-020,2026-03-31,Beauty,538.87,App
TXN-020-2,CUST-020,2026-03-31,Fashion,2057.43,App
TXN-020-3,CUST-020,2026-03-31,Fashion,2335.9,Store
TXN-020-4,CUST-020,2026-02-04,Fashion,1737.96,Store
TXN-020-5,CUST-020,2026-03-09,Sports,598.08,Store
TXN-020-6,CUST-020,2026-03-31,Beauty,1192.33,Store
TXN-020-7,CUST-020,2026-03-31,Home,956.95,Web
TXN-020-8,CUST-020,2026-02-17,Home,1888.36,App
TXN-020-9,CUST-020,2026-03-31,Sports,757.59,Web
TXN-020-10,CUST-020,2026-01-03,Beauty,699.2,Store
TXN-020-11,CUST-020,2026-03-31,Electronics,1320.18,Store
TXN-021-1,CUST-021,2026-01-05,Beauty,1784.39,App
TXN-021-2,CUST-021,2025-12-17,Sports,904.77,App
TXN-022-1,CUST-022,2025-11-15,Fashion,442.27,Store
TXN-022-2,CUST-022,2025-12-19,Fashion,608.92,App
TXN-022-3,CUST-022,2025-10-20,Home,916.57,Web
TXN-022-4,CUST-022,2026-02-08,Beauty,1351.64,Store
TXN-022-5,CUST-022,2026-02-09,Sports,2298.23,Web
TXN-022-6,CUST-022,2025-06-18,Beauty,1620.24,Web
TXN-023-1,CUST-023,2025-08-29,Home,886.48,Store
TXN-023-2,CUST-023,2025-09-28,Sports,1735.29,App
TXN-023-3,CUST-023,2025-08-21,Beauty,2619.02,App
TXN-023-4,CUST-023,2026-03-07,Fashion,906.08,Web
TXN-023-5,CUST-023,2025-08-13,Sports,1135.47,Store
TXN-023-6,CUST-023,2026-02-17,Electronics,675.02,Store
TXN-023-7,CUST-023,2025-12-19,Fashion,2381.47,App
TXN-023-8,CUST-023,2025-11-05,Home,1332.88,Store
TXN-023-9,CUST-023,2025-08-21,Sports,1841.67,Store
TXN-024-1,CUST-024,2025-10-21,Electronics,920.17,App
TXN-024-2,CUST-024,2026-03-17,Fashion,1450.17,Web
TXN-024-3,CUST-024,2025-04-27,Beauty,660.83,Store
TXN-024-4,CUST-024,2025-07-20,Sports,1473.75,Web
TXN-024-5,CUST-024,2025-12-27,Fashion,2675.16,App
TXN-024-6,CUST-024,2025-10-04,Fashion,1285.73,App
TXN-024-7,CUST-024,2025-10-28,Home,981.18,App
TXN-024-8,CUST-024,2026-02-02,Beauty,841.51,Web
TXN-025-1,CUST-025,2025-12-16,Beauty,1442.74,Store
TXN-025-2,CUST-025,2026-02-15,Home,1866.92,Web
TXN-025-3,CUST-025,2026-03-31,Beauty,1990.87,Web
TXN-026-1,CUST-026,2025-10-23,Home,841.7,Web
TXN-026-2,CUST-026,2026-03-31,Home,685.64,Store
TXN-026-3,CUST-026,2026-03-31,Sports,594.52,Web
TXN-027-1,CUST-027,2026-03-31,Beauty,376.31,App
TXN-027-2,CUST-027,2026-03-31,Fashion,1227.6,App
TXN-027-3,CUST-027,2026-03-31,Electronics,2147.26,Web
TXN-027-4,CUST-027,2026-03-31,Home,1517.51,Store
TXN-027-5,CUST-027,2026-03-31,Sports,588.7,Store
TXN-027-6,CUST-027,2026-03-31,Sports,787.74,Web
TXN-027-7,CUST-027,2026-03-31,Beauty,1076.11,Store
TXN-027-8,CUST-027,2026-02-15,Electronics,,Store
TXN-027-9,CUST-027,2026-03-31,Sports,1348.58,Store
TXN-028-1,CUST-028,2026-03-31,Beauty,1484.31,App
TXN-028-2,CUST-028,2026-03-31,Beauty,666.28,Web
TXN-029-1,CUST-029,2026-03-31,Beauty,1641.17,Web
TXN-029-2,CUST-029,2025-12-04,Electronics,1305.52,App
TXN-029-3,CUST-029,2025-12-16,Home,683.9,Web
TXN-029-4,CUST-029,2026-01-19,Electronics,2443.68,App
TXN-029-5,CUST-029,2026-01-13,Fashion,,Web
TXN-029-6,CUST-029,2026-01-07,Home,3269.89,App
TXN-029-7,CUST-029,2025-09-24,Beauty,1267.39,App
TXN-029-8,CUST-029,2025-07-01,Home,1517.33,App
TXN-029-9,CUST-029,2026-03-31,Sports,907.72,App
TXN-029-10,CUST-029,2025-09-06,Home,955.02,Store
TXN-029-11,CUST-029,2025-09-26,Sports,956.04,App
TXN-029-12,CUST-029,2026-03-31,Electronics,757.82,Web
TXN-029-13,CUST-029,2025-09-25,Electronics,962.35,Store
TXN-029-14,CUST-029,2025-11-15,Electronics,1162.75,Web
TXN-029-15,CUST-029,2025-10-30,Fashion,1927.23,Store
TXN-030-1,CUST-030,2026-03-31,Fashion,758.01,App
TXN-030-2,CUST-030,2026-02-17,Electronics,1558.59,Store
TXN-030-3,CUST-030,2026-01-16,Beauty,1737.62,Web
TXN-031-1,CUST-031,2025-09-03,Electronics,862.76,Store
TXN-031-2,CUST-031,2025-09-08,Sports,486.56,Store
TXN-031-3,CUST-031,2025-09-16,Fashion,2428.43,Store
TXN-032-1,CUST-032,2026-01-26,Fashion,571.85,App
TXN-032-2,CUST-032,2025-08-07,Beauty,1965.21,Web
TXN-032-3,CUST-032,2025-08-29,Beauty,1009.89,App
TXN-032-4,CUST-032,2026-02-12,Home,2344.68,Store
TXN-032-5,CUST-032,2025-09-12,Electronics,1225.08,Store
TXN-032-6,CUST-032,2025-11-24,Electronics,1094.32,Store
TXN-032-7,CUST-032,2025-08-25,Home,867.27,App
TXN-032-8,CUST-032,2026-03-31,Home,2184.96,Store
TXN-032-9,CUST-032,2025-08-24,Sports,997.04,Web
TXN-032-10,CUST-032,2025-09-10,Electronics,610.72,Web
TXN-032-11,CUST-032,2026-03-31,Home,,Web
TXN-032-12,CUST-032,2025-11-12,Sports,1203.89,App
TXN-032-13,CUST-032,2025-12-22,Electronics,1421.63,Web
TXN-033-1,CUST-033,2026-03-31,Fashion,2749.89,App
TXN-033-2,CUST-033,2026-03-31,Beauty,1036.7,Web
TXN-033-3,CUST-033,2026-01-08,Fashion,776.87,App
TXN-033-4,CUST-033,2026-01-14,Electronics,940.53,Store
TXN-033-5,CUST-033,2026-03-31,Beauty,1443.64,App
TXN-033-6,CUST-033,2026-03-31,Home,1952.51,App
TXN-033-7,CUST-033,2025-11-06,Beauty,1484.82,App
TXN-033-8,CUST-033,2026-03-31,Home,962.5,App
TXN-033-9,CUST-033,2025-11-24,Beauty,1479.64,Web
TXN-033-10,CUST-033,2026-03-31,Electronics,393.43,Web
TXN-033-11,CUST-033,2026-02-01,Fashion,703.92,Web
TXN-033-12,CUST-033,2026-01-23,Sports,355.32,Web
TXN-033-13,CUST-033,2026-03-20,Home,367.6,App
TXN-033-14,CUST-033,2026-03-31,Beauty,1596.08,Web
TXN-034-1,CUST-034,2025-05-13,Home,593.22,App
TXN-034-2,CUST-034,2026-02-22,Beauty,678.27,Web
TXN-034-3,CUST-034,2025-10-14,Electronics,1103.6,Web
TXN-034-4,CUST-034,2026-03-25,Electronics,1313.1,Web
TXN-034-5,CUST-034,2025-06-11,Home,866.78,Store
TXN-034-6,CUST-034,2025-05-14,Beauty,2415.88,Web
TXN-034-7,CUST-034,2025-05-25,Fashion,627.9,Web
TXN-034-8,CUST-034,2026-02-05,Fashion,762.06,Web
TXN-034-9,CUST-034,2026-02-18,Electronics,1563.51,App
TXN-034-10,CUST-034,2025-11-25,Home,864.25,Store
TXN-034-11,CUST-034,2026-03-31,Home,764.53,App
TXN-035-1,CUST-035,2025-06-08,Sports,1245.19,Web
TXN-035-2,CUST-035,2025-10-02,Home,1278.16,Store
TXN-035-3,CUST-035,2026-03-31,Electronics,1486.47,App
TXN-035-4,CUST-035,2025-12-04,Home,1273.67,Web
TXN-035-5,CUST-035,2025-11-12,Electronics,2272.29,Web
TXN-036-1,CUST-036,2025-11-01,Home,,Store
TXN-036-2,CUST-036,2026-03-02,Fashion,691.22,App
TXN-036-3,CUST-036,2026-02-12,Home,1237.86,Store
TXN-036-4,CUST-036,2025-11-29,Fashion,3095.35,Web
TXN-037-1,CUST-037,2026-03-31,Sports,1331.13,App
TXN-037-2,CUST-037,2025-10-17,Beauty,2156.63,Store
TXN-037-3,CUST-037,2026-03-31,Sports,2124.91,Store
TXN-037-4,CUST-037,2025-08-22,Sports,480.16,App
TXN-037-5,CUST-037,2025-12-27,Home,1710.98,Web
TXN-037-6,CUST-037,2025-09-28,Home,,App
TXN-037-7,CUST-037,2026-03-08,Sports,586.91,Web
TXN-038-1,CUST-038,2026-03-06,Electronics,907.79,Web
TXN-038-2,CUST-038,2025-03-16,Beauty,847.0,App
TXN-039-1,CUST-039,2025-08-06,Beauty,1187.78,Store
TXN-039-2,CUST-039,2026-03-31,Home,1520.31,App
TXN-039-3,CUST-039,2026-03-31,Fashion,714.92,App
TXN-040-1,CUST-040,2026-03-30,Home,763.26,Web
TXN-040-2,CUST-040,2026-01-01,Electronics,1370.12,App
TXN-040-3,CUST-040,2026-03-31,Sports,2220.08,Web
TXN-040-4,CUST-040,2025-09-17,Beauty,645.07,App
TXN-040-5,CUST-040,2025-10-01,Home,554.46,Store
TXN-041-1,CUST-041,2025-05-31,Beauty,1101.26,App
TXN-041-2,CUST-041,2025-04-29,Electronics,676.62,App
TXN-041-3,CUST-041,2026-02-26,Beauty,1038.1,App
TXN-041-4,CUST-041,2025-10-22,Electronics,804.53,App
TXN-041-5,CUST-041,2025-05-31,Electronics,879.17,App
TXN-041-6,CUST-041,2026-03-31,Electronics,2645.08,Store
TXN-041-7,CUST-041,2025-04-21,Fashion,719.31,Web
TXN-041-8,CUST-041,2025-10-24,Electronics,680.08,Web
TXN-042-1,CUST-042,2025-06-12,Electronics,1112.1,Store
TXN-042-2,CUST-042,2025-12-26,Fashion,1205.2,App
TXN-043-1,CUST-043,2025-07-27,Home,1135.03,Store
TXN-044-1,CUST-044,2025-08-17,Beauty,1380.97,App
TXN-044-2,CUST-044,2025-12-10,Beauty,686.05,Store
TXN-044-3,CUST-044,2025-10-02,Sports,713.89,Web
TXN-044-4,CUST-044,2025-12-14,Beauty,1640.28,App
TXN-044-5,CUST-044,2026-01-22,Home,693.23,App
TXN-044-6,CUST-044,2025-05-17,Fashion,653.55,Store
TXN-045-1,CUST-045,2025-04-03,Electronics,1264.87,Web
TXN-045-2,CUST-045,2026-01-22,Sports,1025.87,Store
TXN-045-3,CUST-045,2025-08-16,Electronics,707.81,Store
TXN-045-4,CUST-045,2025-09-16,Beauty,694.7,App
TXN-045-5,CUST-045,2025-05-29,Electronics,391.36,Web
TXN-045-6,CUST-045,2025-10-10,Beauty,1167.94,App
TXN-045-7,CUST-045,2026-01-31,Fashion,642.66,Web
TXN-046-1,CUST-046,2026-03-31,Sports,,Store
TXN-046-2,CUST-046,2026-03-31,Beauty,761.81,Store
TXN-046-3,CUST-046,2026-03-31,Sports,1915.0,Store
TXN-046-4,CUST-046,2026-02-07,Sports,1065.61,Store
TXN-047-1,CUST-047,2026-03-31,Fashion,532.26,Store
TXN-047-2,CUST-047,2025-11-18,Beauty,1119.34,Web
TXN-047-3,CUST-047,2025-12-11,Electronics,,App
TXN-047-4,CUST-047,2025-08-15,Home,992.02,Store
TXN-047-5,CUST-047,2025-12-08,Home,916.57,Web
TXN-047-6,CUST-047,2026-03-31,Home,1086.55,Web
TXN-047-7,CUST-047,2025-11-04,Beauty,878.12,Store
TXN-048-1,CUST-048,2026-03-31,Electronics,1475.31,App
TXN-048-2,CUST-048,2026-03-31,Beauty,2261.54,Store
TXN-048-3,CUST-048,2026-03-31,Beauty,1157.14,App
TXN-048-4,CUST-048,2026-02-27,Fashion,899.01,Web
TXN-048-5,CUST-048,2026-03-31,Electronics,952.82,App
TXN-048-6,CUST-048,2026-03-31,Fashion,1631.76,Store
TXN-048-7,CUST-048,2026-01-29,Beauty,966.58,App
TXN-048-8,CUST-048,2026-03-31,Beauty,859.34,Web
TXN-048-9,CUST-048,2026-03-31,Sports,1067.98,Store
TXN-048-10,CUST-048,2026-03-31,Beauty,794.8,Store
TXN-049-1,CUST-049,2025-11-18,Sports,1129.05,Web
TXN-049-2,CUST-049,2026-03-31,Beauty,1489.03,Store
TXN-049-3,CUST-049,2026-03-31,Sports,1147.77,App
TXN-050-1,CUST-050,2026-01-01,Sports,619.04,Store
TXN-050-2,CUST-050,2025-07-10,Beauty,1249.93,Store
TXN-050-3,CUST-050,2025-04-28,Electronics,434.48,Store
TXN-050-4,CUST-050,2026-03-21,Electronics,569.97,Web
TXN-050-5,CUST-050,2025-04-19,Sports,1539.61,Web
TXN-050-6,CUST-050,2025-07-09,Electronics,3519.19,Store
TXN-050-7,CUST-050,2026-01-19,Fashion,482.28,Web
TXN-050-8,CUST-050,2025-09-01,Electronics,1349.82,App
TXN-051-1,CUST-051,2025-11-28,Electronics,1586.75,App
TXN-051-2,CUST-051,2025-10-16,Home,1262.38,App
TXN-051-3,CUST-051,2025-09-08,Electronics,1552.88,App
TXN-052-1,CUST-052,2025-09-10,Beauty,1417.6,Web
TXN-052-2,CUST-052,2025-08-02,Sports,1368.98,Store
TXN-052-3,CUST-052,2025-08-17,Fashion,1541.43,Web
TXN-052-4,CUST-052,2025-04-02,Home,737.28,App
TXN-052-5,CUST-052,2025-06-06,Beauty,1384.59,App
TXN-052-6,CUST-052,2025-11-07,Sports,1392.04,App
TXN-052-7,CUST-052,2025-12-20,Electronics,2802.79,App
TXN-053-1,CUST-053,2026-03-31,Sports,635.9,Store
TXN-053-2,CUST-053,2026-03-31,Electronics,1162.79,Web
TXN-053-3,CUST-053,2026-03-31,Electronics,2226.3,App
TXN-054-1,CUST-054,2025-11-27,Home,686.06,Web
TXN-054-2,CUST-054,2025-12-24,Fashion,1531.68,Web
TXN-054-3,CUST-054,2026-03-31,Sports,1480.94,App
TXN-054-4,CUST-054,2025-11-17,Beauty,1939.65,Store
TXN-054-5,CUST-054,2026-03-31,Home,1544.89,Store
TXN-054-6,CUST-054,2026-03-31,Fashion,1225.29,Web
TXN-054-7,CUST-054,2026-03-31,Home,1072.58,Web
TXN-055-1,CUST-055,2025-09-09,Electronics,,Store
TXN-055-2,CUST-055,2025-11-13,Electronics,1279.32,App
TXN-055-3,CUST-055,2025-10-30,Beauty,2118.4,App
TXN-055-4,CUST-055,2025-10-20,Beauty,1991.2,App
TXN-055-5,CUST-055,2025-04-12,Sports,1179.79,Store
TXN-055-6,CUST-055,2025-09-01,Electronics,1476.67,Store
TXN-055-7,CUST-055,2025-07-30,Fashion,1507.27,App
TXN-055-8,CUST-055,2025-09-03,Sports,1502.51,Web
TXN-055-9,CUST-055,2025-05-29,Beauty,2183.56,App
TXN-055-10,CUST-055,2025-04-30,Electronics,1164.96,Web
TXN-056-1,CUST-056,2026-03-31,Beauty,766.61,App
TXN-056-2,CUST-056,2025-11-10,Fashion,3284.26,Web
TXN-056-3,CUST-056,2025-10-30,Beauty,,Web
TXN-056-4,CUST-056,2026-03-31,Home,933.07,App
TXN-056-5,CUST-056,2026-02-24,Sports,3154.73,Web
TXN-056-6,CUST-056,2025-11-12,Sports,796.33,App
TXN-056-7,CUST-056,2026-03-31,Home,745.01,App
TXN-057-1,CUST-057,2026-03-31,Home,2021.64,Web
TXN-057-2,CUST-057,2026-03-31,Beauty,2115.78,Store
TXN-057-3,CUST-057,2026-03-31,Electronics,539.57,App
TXN-057-4,CUST-057,2025-10-20,Fashion,2837.89,App
TXN-058-1,CUST-058,2026-03-31,Fashion,1435.9,Store
TXN-058-2,CUST-058,2026-01-07,Home,641.3,Web
TXN-058-3,CUST-058,2026-02-12,Electronics,,App
TXN-058-4,CUST-058,2025-12-04,Home,1639.53,Store
TXN-058-5,CUST-058,2026-01-11,Electronics,1074.51,Store
TXN-058-6,CUST-058,2025-07-21,Fashion,1090.45,App
TXN-058-7,CUST-058,2026-03-31,Home,756.05,Web
TXN-058-8,CUST-058,2026-03-31,Beauty,747.05,Web
TXN-059-1,CUST-059,2026-02-07,Fashion,1459.73,App
TXN-059-2,CUST-059,2026-03-31,Beauty,871.9,App
TXN-059-3,CUST-059,2026-03-31,Beauty,954.43,App
TXN-060-1,CUST-060,2025-10-31,Beauty,613.32,Store
TXN-060-2,CUST-060,2025-09-12,Home,1793.99,Store
TXN-061-1,CUST-061,2026-03-31,Fashion,1371.3,Store
TXN-061-2,CUST-061,2026-03-31,Sports,1125.95,Store
TXN-061-3,CUST-061,2025-11-19,Electronics,2045.09,Web
TXN-061-4,CUST-061,2026-02-01,Sports,,Store
TXN-061-5,CUST-061,2026-03-31,Sports,1482.93,Web
TXN-061-6,CUST-061,2026-03-31,Electronics,830.77,App
TXN-061-7,CUST-061,2026-03-27,Home,1528.22,App
TXN-061-8,CUST-061,2026-03-13,Sports,1036.29,App
TXN-062-1,CUST-062,2025-09-22,Home,830.47,Web
TXN-062-2,CUST-062,2025-04-05,Electronics,478.62,Store
TXN-062-3,CUST-062,2025-09-22,Home,942.79,Store
TXN-062-4,CUST-062,2025-05-02,Beauty,584.45,App
TXN-063-1,CUST-063,2025-01-30,Beauty,736.26,Store
TXN-063-2,CUST-063,2025-05-11,Electronics,3310.35,Web
TXN-063-3,CUST-063,2025-07-11,Fashion,485.02,Web
TXN-063-4,CUST-063,2025-08-04,Electronics,1453.4,Web
TXN-064-1,CUST-064,2026-02-04,Home,1187.86,Web
TXN-064-2,CUST-064,2025-11-17,Electronics,1756.77,Store
TXN-064-3,CUST-064,2026-02-05,Electronics,893.4,Web
TXN-065-1,CUST-065,2026-03-31,Home,968.88,Store
TXN-065-2,CUST-065,2026-03-20,Electronics,1501.22,Web
TXN-065-3,CUST-065,2026-03-31,Fashion,1853.57,App
TXN-066-1,CUST-066,2026-03-31,Fashion,927.17,Store
TXN-066-2,CUST-066,2026-03-31,Beauty,594.5,Store
TXN-067-1,CUST-067,2026-03-31,Electronics,792.15,Web
TXN-067-2,CUST-067,2026-03-31,Fashion,1022.43,App
TXN-067-3,CUST-067,2026-03-31,Fashion,1567.32,Web
TXN-067-4,CUST-067,2026-02-08,Fashion,964.57,Web
TXN-067-5,CUST-067,2026-03-31,Sports,543.6,Store
TXN-067-6,CUST-067,2026-03-31,Home,998.7,App
TXN-067-7,CUST-067,2025-11-13,Beauty,1021.17,App
TXN-067-8,CUST-067,2025-11-30,Fashion,1290.07,Web
TXN-068-1,CUST-068,2026-03-31,Fashion,671.82,Store
TXN-069-1,CUST-069,2026-01-25,Home,1595.18,Web
TXN-069-2,CUST-069,2025-07-22,Home,1281.38,Web
TXN-069-3,CUST-069,2026-02-19,Home,1890.38,Store
TXN-069-4,CUST-069,2026-03-09,Electronics,1591.78,Web
TXN-069-5,CUST-069,2025-09-07,Home,1075.58,Store
TXN-069-6,CUST-069,2025-09-24,Fashion,903.79,Web
TXN-069-7,CUST-069,2026-01-08,Fashion,1133.06,Store
TXN-069-8,CUST-069,2025-09-03,Electronics,958.62,Web
TXN-070-1,CUST-070,2026-03-31,Beauty,1004.96,Web
TXN-070-2,CUST-070,2026-03-31,Electronics,796.26,Store
TXN-070-3,CUST-070,2026-03-31,Electronics,1170.87,Web
TXN-070-4,CUST-070,2026-03-31,Fashion,1742.91,Store
TXN-071-1,CUST-071,2026-03-31,Home,834.0,Store
TXN-071-2,CUST-071,2026-03-31,Sports,1130.56,App
TXN-071-3,CUST-071,2026-02-11,Electronics,906.27,Web
TXN-071-4,CUST-071,2026-02-24,Fashion,1057.26,App
TXN-072-1,CUST-072,2026-03-31,Fashion,688.36,App
TXN-072-2,CUST-072,2026-03-31,Electronics,619.77,Store
TXN-073-1,CUST-073,2026-03-31,Sports,728.42,App
TXN-073-2,CUST-073,2025-08-14,Beauty,2348.15,App
TXN-073-3,CUST-073,2026-03-31,Sports,987.98,Store
TXN-073-4,CUST-073,2025-12-31,Beauty,1162.21,Web
TXN-074-1,CUST-074,2026-02-10,Fashion,665.41,Store
TXN-075-1,CUST-075,2025-04-01,Fashion,1774.5,Web
TXN-075-2,CUST-075,2025-12-11,Home,,Web
TXN-075-3,CUST-075,2025-04-26,Sports,846.8,Web
TXN-075-4,CUST-075,2025-02-26,Beauty,805.7,Web
TXN-075-5,CUST-075,2026-01-22,Home,873.12,Store
TXN-075-6,CUST-075,2025-10-10,Home,860.09,Store
TXN-075-7,CUST-075,2025-03-08,Electronics,914.96,App
TXN-075-8,CUST-075,2025-06-27,Electronics,642.56,Web
TXN-075-9,CUST-075,2025-12-02,Home,657.13,App
TXN-075-10,CUST-075,2025-02-16,Home,1858.12,Web
TXN-075-11,CUST-075,2025-02-25,Home,1331.6,Web
TXN-075-12,CUST-075,2025-03-19,Beauty,1972.9,App
TXN-075-13,CUST-075,2025-07-25,Sports,1641.57,Store
TXN-075-14,CUST-075,2025-11-27,Fashion,902.46,Store
TXN-075-15,CUST-075,2025-08-01,Fashion,1201.78,Web
TXN-076-1,CUST-076,2026-01-18,Fashion,937.15,App
TXN-076-2,CUST-076,2025-12-14,Beauty,771.45,Web
TXN-076-3,CUST-076,2025-05-13,Fashion,473.41,Web
TXN-077-1,CUST-077,2026-03-31,Home,625.13,Store
TXN-077-2,CUST-077,2026-03-31,Home,,Store
TXN-077-3,CUST-077,2026-03-31,Electronics,1599.93,Web
TXN-077-4,CUST-077,2026-03-31,Sports,927.56,App
TXN-077-5,CUST-077,2026-03-31,Home,1170.48,Store
TXN-077-6,CUST-077,2026-03-31,Beauty,958.64,App
TXN-078-1,CUST-078,2026-02-04,Sports,1601.61,Web
TXN-078-2,CUST-078,2026-03-31,Home,1458.06,App
TXN-078-3,CUST-078,2026-03-31,Electronics,846.99,App
TXN-078-4,CUST-078,2026-03-31,Fashion,1357.85,Store
TXN-078-5,CUST-078,2026-03-31,Electronics,2228.2,Store
TXN-079-1,CUST-079,2026-02-06,Home,888.05,Web
TXN-079-2,CUST-079,2025-10-27,Beauty,965.55,Store
TXN-079-3,CUST-079,2025-11-18,Electronics,1407.07,Web
TXN-079-4,CUST-079,2025-06-20,Beauty,1468.2,App
TXN-079-5,CUST-079,2025-07-31,Fashion,1533.63,Web
TXN-079-6,CUST-079,2025-04-22,Electronics,1831.47,Store
TXN-079-7,CUST-079,2025-06-16,Home,1903.19,Web
TXN-080-1,CUST-080,2025-12-06,Sports,1679.57,Store
TXN-080-2,CUST-080,2025-04-09,Fashion,,Web
TXN-080-3,CUST-080,2025-09-24,Electronics,2315.93,App
TXN-080-4,CUST-080,2025-08-05,Fashion,988.56,App
TXN-080-5,CUST-080,2026-01-07,Sports,1044.1,Store
TXN-080-6,CUST-080,2025-07-25,Beauty,999.33,App
TXN-080-7,CUST-080,2025-10-20,Sports,1948.01,Store
TXN-080-8,CUST-080,2025-07-05,Beauty,1137.19,Web
TXN-081-1,CUST-081,2025-10-26,Fashion,1590.67,Store
TXN-081-2,CUST-081,2025-12-12,Electronics,,App
TXN-081-3,CUST-081,2025-08-18,Home,1832.3,App
TXN-081-4,CUST-081,2025-10-10,Beauty,1932.04,Web
TXN-081-5,CUST-081,2026-02-23,Fashion,697.51,Store
TXN-081-6,CUST-081,2026-03-31,Home,2306.16,App
TXN-081-7,CUST-081,2025-11-30,Electronics,895.76,Store
TXN-082-1,CUST-082,2026-01-12,Home,,Store
TXN-082-2,CUST-082,2025-11-30,Electronics,,App
TXN-083-1,CUST-083,2025-12-23,Sports,670.24,Store
TXN-083-2,CUST-083,2026-03-31,Fashion,987.28,Web
TXN-083-3,CUST-083,2026-03-31,Fashion,1214.0,Web
TXN-083-4,CUST-083,2025-11-22,Fashion,1403.75,App
TXN-084-1,CUST-084,2026-02-15,Beauty,661.6,Store
TXN-084-2,CUST-084,2026-03-31,Fashion,730.07,App
TXN-084-3,CUST-084,2026-01-17,Electronics,2269.95,App
TXN-084-4,CUST-084,2025-10-13,Fashion,772.25,App
TXN-084-5,CUST-084,2026-03-18,Electronics,1713.21,Web
TXN-084-6,CUST-084,2026-03-24,Fashion,,App
TXN-084-7,CUST-084,2025-10-04,Beauty,329.53,Web
TXN-085-1,CUST-085,2026-01-02,Home,958.5,App
TXN-085-2,CUST-085,2026-03-07,Electronics,2014.9,Web
TXN-085-3,CUST-085,2026-03-31,Home,1399.65,Web
TXN-085-4,CUST-085,2025-09-14,Electronics,507.49,Web
TXN-085-5,CUST-085,2026-03-31,Home,1444.86,Web
TXN-085-6,CUST-085,2026-03-31,Electronics,946.86,Store
TXN-086-1,CUST-086,2025-08-27,Home,1056.76,Web
TXN-086-2,CUST-086,2026-03-31,Home,368.55,Store
TXN-086-3,CUST-086,2025-12-20,Electronics,1868.07,Store
TXN-087-1,CUST-087,2026-02-07,Home,891.56,Web
TXN-088-1,CUST-088,2025-11-21,Beauty,1042.7,App
TXN-088-2,CUST-088,2025-02-19,Home,2155.21,Store
TXN-089-1,CUST-089,2025-10-01,Electronics,941.29,Store
TXN-089-2,CUST-089,2026-03-31,Beauty,466.39,Web
TXN-090-1,CUST-090,2025-01-08,Beauty,1313.93,Store
TXN-090-2,CUST-090,2025-04-15,Beauty,760.91,App
TXN-090-3,CUST-090,2025-10-31,Sports,1545.19,Store
TXN-090-4,CUST-090,2025-07-20,Home,495.73,Store
TXN-090-5,CUST-090,2025-11-12,Sports,1266.27,App
TXN-090-6,CUST-090,2025-02-26,Electronics,355.57,Store
TXN-090-7,CUST-090,2025-05-13,Beauty,659.32,Web
TXN-091-1,CUST-091,2026-03-31,Fashion,3291.59,App
TXN-091-2,CUST-091,2025-10-29,Beauty,1399.95,App
TXN-091-3,CUST-091,2025-10-14,Electronics,1109.08,App
TXN-091-4,CUST-091,2026-03-31,Beauty,2171.07,Web
TXN-091-5,CUST-091,2026-03-31,Beauty,1547.26,Store
TXN-091-6,CUST-091,2026-01-29,Fashion,1614.31,Web
TXN-091-7,CUST-091,2026-03-31,Fashion,841.6,Web
TXN-091-8,CUST-091,2026-03-31,Home,971.92,Web
TXN-092-1,CUST-092,2026-01-11,Home,336.48,Store
TXN-092-2,CUST-092,2025-05-23,Electronics,2178.74,App
TXN-092-3,CUST-092,2025-06-10,Home,,App
TXN-092-4,CUST-092,2025-03-13,Beauty,480.21,Web
TXN-092-5,CUST-092,2025-07-21,Beauty,1105.54,App
TXN-092-6,CUST-092,2025-07-09,Fashion,566.79,Web
TXN-092-7,CUST-092,2025-08-13,Beauty,651.41,Web
TXN-092-8,CUST-092,2025-08-20,Home,682.81,Web
TXN-092-9,CUST-092,2025-02-06,Fashion,961.72,Store
TXN-092-10,CUST-092,2026-01-01,Fashion,1099.79,Web
TXN-092-11,CUST-092,2025-02-17,Electronics,1665.56,Web
TXN-092-12,CUST-092,2025-08-26,Beauty,1389.17,Web
TXN-092-13,CUST-092,2025-02-18,Sports,1960.83,App
TXN-093-1,CUST-093,2026-03-31,Electronics,1714.6,Store
TXN-093-2,CUST-093,2026-03-31,Sports,649.48,Web
TXN-093-3,CUST-093,2025-12-25,Sports,1017.51,Store
TXN-094-1,CUST-094,2025-09-03,Electronics,702.61,App
TXN-094-2,CUST-094,2026-02-18,Sports,1702.62,Store
TXN-094-3,CUST-094,2025-12-11,Fashion,291.62,App
TXN-094-4,CUST-094,2025-10-01,Electronics,1467.6,App
TXN-094-5,CUST-094,2026-03-31,Home,,App
TXN-095-1,CUST-095,2025-04-30,Electronics,940.72,Web
TXN-095-2,CUST-095,2025-04-05,Electronics,1212.53,Web
TXN-095-3,CUST-095,2025-04-11,Home,1676.45,Web
TXN-095-4,CUST-095,2025-08-31,Home,1595.57,Web
TXN-095-5,CUST-095,2025-12-26,Fashion,643.82,App
TXN-095-6,CUST-095,2025-06-11,Fashion,484.45,App
TXN-095-7,CUST-095,2025-10-27,Electronics,1876.38,App
TXN-096-1,CUST-096,2025-11-25,Fashion,1082.6,Web
TXN-096-2,CUST-096,2026-03-31,Beauty,936.82,Web
TXN-097-1,CUST-097,2025-11-27,Electronics,732.73,Web
TXN-097-2,CUST-097,2025-11-18,Electronics,1587.95,Store
TXN-097-3,CUST-097,2026-03-11,Beauty,1072.48,App
TXN-097-4,CUST-097,2026-03-31,Beauty,1513.03,App
TXN-098-1,CUST-098,2026-03-08,Fashion,557.64,Web
TXN-098-2,CUST-098,2026-01-23,Electronics,1157.28,Store
TXN-098-3,CUST-098,2026-02-13,Home,769.28,App
TXN-098-4,CUST-098,2026-03-31,Home,931.25,Web
TXN-098-5,CUST-098,2026-03-31,Electronics,1647.78,Store
TXN-098-6,CUST-098,2025-08-11,Home,704.71,App
TXN-098-7,CUST-098,2026-02-21,Sports,952.31,Web
TXN-099-1,CUST-099,2026-03-28,Home,1081.97,Web
TXN-099-2,CUST-099,2026-02-12,Sports,1505.74,App
TXN-099-3,CUST-099,2026-03-31,Electronics,997.0,Store
TXN-099-4,CUST-099,2026-03-31,Fashion,1154.97,Web
TXN-099-5,CUST-099,2026-03-31,Electronics,1709.93,Web
TXN-099-6,CUST-099,2025-12-30,Fashion,1042.15,Web
TXN-099-7,CUST-099,2026-01-04,Electronics,1628.0,Store
TXN-099-8,CUST-099,2026-03-31,Home,1614.84,Web
TXN-099-9,CUST-099,2026-03-31,Electronics,1514.57,Web
TXN-099-10,CUST-099,2026-03-31,Fashion,1022.09,Web
TXN-099-11,CUST-099,2026-03-28,Electronics,1426.33,Web
TXN-100-1,CUST-100,2026-02-24,Fashion,1625.0,App
TXN-100-2,CUST-100,2026-03-31,Electronics,1478.54,Store
TXN-101-1,CUST-101,2025-11-20,Sports,678.63,App
TXN-101-2,CUST-101,2026-03-31,Electronics,1208.2,Store
TXN-101-3,CUST-101,2025-10-26,Beauty,1664.74,Store
TXN-102-1,CUST-102,2026-03-31,Fashion,1948.39,App
TXN-102-2,CUST-102,2026-03-31,Sports,3222.36,Web
TXN-102-3,CUST-102,2026-03-31,Sports,918.75,App
TXN-102-4,CUST-102,2025-12-31,Fashion,1548.28,Web
TXN-102-5,CUST-102,2026-03-31,Home,2189.62,Store
TXN-102-6,CUST-102,2026-03-23,Fashion,630.15,Web
TXN-102-7,CUST-102,2026-02-08,Beauty,1774.07,Store
TXN-102-8,CUST-102,2026-03-31,Beauty,1484.11,Web
TXN-102-9,CUST-102,2026-02-04,Sports,337.65,App
TXN-102-10,CUST-102,2026-03-31,Beauty,894.42,App
TXN-103-1,CUST-103,2025-09-21,Fashion,509.69,Store
TXN-104-1,CUST-104,2026-02-26,Fashion,1678.88,Store
TXN-104-2,CUST-104,2026-03-31,Sports,985.75,App
TXN-104-3,CUST-104,2026-01-08,Sports,1869.75,App
TXN-104-4,CUST-104,2025-11-30,Home,1565.21,App
TXN-104-5,CUST-104,2026-03-01,Electronics,1542.67,App
TXN-104-6,CUST-104,2026-03-31,Electronics,1178.43,App
TXN-104-7,CUST-104,2025-11-25,Beauty,878.48,App
TXN-104-8,CUST-104,2026-03-31,Electronics,880.09,Web
TXN-104-9,CUST-104,2025-12-17,Beauty,1314.61,Web
TXN-104-10,CUST-104,2026-03-31,Beauty,1010.41,Web
TXN-104-11,CUST-104,2026-03-31,Electronics,1464.13,App
TXN-104-12,CUST-104,2026-03-31,Electronics,1711.07,Web
TXN-104-13,CUST-104,2026-03-31,Fashion,1870.67,Web
TXN-104-14,CUST-104,2026-02-13,Beauty,1189.74,Web
TXN-105-1,CUST-105,2025-09-16,Fashion,704.39,Web
TXN-106-1,CUST-106,2026-03-31,Home,707.23,App
TXN-106-2,CUST-106,2025-10-03,Electronics,1512.35,App
TXN-106-3,CUST-106,2026-03-31,Sports,1702.23,App
TXN-106-4,CUST-106,2026-03-20,Electronics,928.61,Store
TXN-106-5,CUST-106,2026-03-31,Sports,1978.26,App
TXN-106-6,CUST-106,2026-03-31,Beauty,777.2,Store
TXN-106-7,CUST-106,2025-11-18,Fashion,897.45,Store
TXN-107-1,CUST-107,2025-10-01,Electronics,963.62,Store
TXN-107-2,CUST-107,2025-05-27,Electronics,885.37,App
TXN-107-3,CUST-107,2025-06-29,Electronics,1212.7,Web
TXN-107-4,CUST-107,2026-02-09,Home,1063.35,Store
TXN-107-5,CUST-107,2025-07-03,Beauty,,Web
TXN-108-1,CUST-108,2026-03-13,Beauty,1377.13,App
TXN-109-1,CUST-109,2026-03-31,Fashion,489.98,Web
TXN-110-1,CUST-110,2026-03-31,Home,1257.15,Web
TXN-110-2,CUST-110,2026-03-31,Sports,443.98,Store
TXN-110-3,CUST-110,2025-11-20,Beauty,638.62,Web
TXN-110-4,CUST-110,2026-03-31,Sports,782.95,Web
TXN-110-5,CUST-110,2026-03-31,Fashion,1107.84,Store
TXN-110-6,CUST-110,2026-03-02,Home,1107.19,App
TXN-110-7,CUST-110,2025-12-06,Beauty,1318.91,Web
TXN-110-8,CUST-110,2026-03-19,Electronics,899.22,Web
TXN-110-9,CUST-110,2026-01-04,Beauty,1151.03,Web
TXN-110-10,CUST-110,2026-03-31,Beauty,1263.88,Store
TXN-111-1,CUST-111,2025-04-15,Sports,692.78,App
TXN-111-2,CUST-111,2025-11-06,Fashion,1407.91,App
TXN-111-3,CUST-111,2025-11-14,Fashion,746.8,Web
TXN-111-4,CUST-111,2025-06-14,Electronics,827.9,Web
TXN-112-1,CUST-112,2026-01-08,Fashion,1716.28,Web
TXN-112-2,CUST-112,2025-11-02,Sports,1896.49,App
TXN-112-3,CUST-112,2025-09-26,Fashion,675.74,App
TXN-112-4,CUST-112,2025-05-27,Home,3312.57,Web
TXN-112-5,CUST-112,2026-03-15,Beauty,2097.49,Web
TXN-112-6,CUST-112,2025-10-08,Fashion,957.95,Store
TXN-113-1,CUST-113,2026-03-31,Sports,1620.4,Store
TXN-114-1,CUST-114,2025-12-05,Fashion,671.63,App
TXN-114-2,CUST-114,2026-03-08,Beauty,1251.61,App
TXN-114-3,CUST-114,2025-12-11,Home,926.57,Web
TXN-114-4,CUST-114,2025-12-31,Fashion,1162.85,Store
TXN-114-5,CUST-114,2025-09-15,Home,1330.02,App
TXN-114-6,CUST-114,2025-08-14,Beauty,2161.99,App
TXN-114-7,CUST-114,2025-05-23,Home,701.8,Web
TXN-114-8,CUST-114,2025-07-03,Sports,1001.99,Web
TXN-115-1,CUST-115,2025-08-11,Sports,584.2,Store
TXN-115-2,CUST-115,2025-03-08,Sports,1015.5,App
TXN-115-3,CUST-115,2025-04-13,Sports,1650.09,App
TXN-116-1,CUST-116,2026-03-24,Sports,901.89,App
TXN-117-1,CUST-117,2025-07-25,Fashion,985.11,Web
TXN-117-2,CUST-117,2025-11-13,Fashion,575.81,App
TXN-117-3,CUST-117,2025-08-16,Sports,2137.93,App
TXN-117-4,CUST-117,2025-06-07,Sports,,Web
TXN-117-5,CUST-117,2025-10-30,Electronics,812.27,Web
TXN-117-6,CUST-117,2025-04-07,Fashion,1622.27,App
TXN-117-7,CUST-117,2025-04-18,Sports,1247.62,Store
TXN-117-8,CUST-117,2025-07-18,Beauty,777.32,Web
TXN-117-9,CUST-117,2026-01-01,Beauty,582.59,App
TXN-117-10,CUST-117,2025-07-08,Fashion,1043.94,Web
TXN-117-11,CUST-117,2025-12-18,Sports,413.45,Web
TXN-117-12,CUST-117,2025-04-23,Sports,2169.63,Store
TXN-117-13,CUST-117,2025-06-29,Electronics,2364.59,Web
TXN-118-1,CUST-118,2025-08-11,Electronics,3249.89,Web
TXN-118-2,CUST-118,2026-03-31,Sports,1910.52,Store
TXN-118-3,CUST-118,2026-03-31,Electronics,1639.32,Store
TXN-118-4,CUST-118,2026-02-12,Electronics,1287.32,Store
TXN-118-5,CUST-118,2026-03-31,Beauty,1410.35,Web
TXN-118-6,CUST-118,2026-03-31,Fashion,970.5,Web
TXN-118-7,CUST-118,2026-03-31,Sports,1344.77,Store
TXN-118-8,CUST-118,2026-03-31,Sports,1578.63,App
TXN-118-9,CUST-118,2026-03-31,Home,1193.95,Web
TXN-118-10,CUST-118,2025-09-25,Fashion,526.81,App
TXN-118-11,CUST-118,2025-10-21,Electronics,3418.88,App
TXN-118-12,CUST-118,2025-09-10,Fashion,2391.67,Web
TXN-118-13,CUST-118,2026-03-15,Sports,3302.74,App
TXN-119-1,CUST-119,2025-12-09,Electronics,1201.58,Store
TXN-119-2,CUST-119,2026-03-31,Fashion,727.72,App
TXN-119-3,CUST-119,2026-02-09,Sports,1237.25,Store
TXN-119-4,CUST-119,2026-03-31,Beauty,970.97,App
TXN-120-1,CUST-120,2026-03-06,Electronics,865.46,App
TXN-120-2,CUST-120,2026-03-31,Electronics,661.26,Web
TXN-120-3,CUST-120,2026-03-31,Home,587.13,Web
TXN-120-4,CUST-120,2025-11-14,Beauty,1362.08,Web
TXN-120-5,CUST-120,2026-03-04,Sports,919.89,App
TXN-120-6,CUST-120,2026-01-03,Electronics,1204.95,App
TXN-120-7,CUST-120,2026-03-31,Fashion,1048.31,Web
TXN-120-8,CUST-120,2026-03-31,Fashion,400.29,App
TXN-121-1,CUST-121,2025-05-19,Electronics,833.36,Store
TXN-121-2,CUST-121,2025-06-26,Fashion,802.98,App
TXN-122-1,CUST-122,2025-03-26,Electronics,2041.15,App
TXN-122-2,CUST-122,2025-07-14,Beauty,4116.56,Web
TXN-122-3,CUST-122,2025-07-21,Fashion,1483.59,App
TXN-122-4,CUST-122,2025-11-15,Sports,1420.61,Web
TXN-122-5,CUST-122,2025-09-24,Home,771.47,App
TXN-122-6,CUST-122,2025-07-01,Home,833.19,Web
TXN-122-7,CUST-122,2025-01-30,Electronics,623.81,App
TXN-122-8,CUST-122,2025-02-17,Beauty,1429.62,Web
TXN-123-1,CUST-123,2026-03-31,Fashion,1426.13,App
TXN-123-2,CUST-123,2026-03-31,Home,536.26,App
TXN-123-3,CUST-123,2026-03-31,Electronics,1448.59,Store
TXN-123-4,CUST-123,2026-03-15,Fashion,1432.11,App
TXN-124-1,CUST-124,2026-03-31,Electronics,,Web
TXN-124-2,CUST-124,2026-03-31,Beauty,1021.26,Store
TXN-124-3,CUST-124,2025-10-28,Electronics,1583.76,Web
TXN-125-1,CUST-125,2026-02-23,Beauty,2716.07,Store
TXN-125-2,CUST-125,2026-03-10,Home,816.82,App
TXN-126-1,CUST-126,2025-07-02,Electronics,,Web
TXN-126-2,CUST-126,2025-06-23,Fashion,1045.62,App
TXN-126-3,CUST-126,2025-08-20,Electronics,1293.35,App
TXN-126-4,CUST-126,2025-09-15,Electronics,868.56,Store
TXN-126-5,CUST-126,2025-10-15,Electronics,995.47,App
TXN-126-6,CUST-126,2025-08-28,Home,1664.82,App
TXN-126-7,CUST-126,2025-11-19,Fashion,823.59,App
TXN-126-8,CUST-126,2025-07-12,Home,2331.52,App
TXN-126-9,CUST-126,2025-10-10,Beauty,1976.74,Web
TXN-126-10,CUST-126,2025-11-07,Fashion,1773.68,App
TXN-126-11,CUST-126,2025-09-04,Beauty,1260.5,Web
TXN-126-12,CUST-126,2026-01-14,Sports,564.9,Web
TXN-126-13,CUST-126,2025-06-26,Home,1765.41,App
TXN-127-1,CUST-127,2026-03-05,Electronics,715.36,App
TXN-128-1,CUST-128,2026-03-22,Beauty,,Web
TXN-128-2,CUST-128,2025-09-29,Home,1995.43,Web
TXN-128-3,CUST-128,2025-09-09,Electronics,1409.61,Web
TXN-129-1,CUST-129,2025-12-07,Electronics,1183.19,App
TXN-129-2,CUST-129,2025-11-30,Fashion,591.23,Web
TXN-129-3,CUST-129,2025-11-03,Sports,1239.53,Web
TXN-129-4,CUST-129,2025-09-01,Sports,964.26,Store
TXN-130-1,CUST-130,2025-02-13,Fashion,2212.44,Store
TXN-130-2,CUST-130,2025-12-14,Fashion,498.2,App
TXN-130-3,CUST-130,2025-10-08,Electronics,1274.53,App
TXN-131-1,CUST-131,2025-10-19,Beauty,1148.48,Web
TXN-131-2,CUST-131,2026-01-17,Home,1720.3,App
TXN-131-3,CUST-131,2026-01-22,Beauty,1717.78,App
TXN-131-4,CUST-131,2025-09-02,Electronics,1163.41,App
TXN-132-1,CUST-132,2026-01-29,Electronics,449.71,App
TXN-132-2,CUST-132,2026-01-25,Beauty,658.16,App
TXN-132-3,CUST-132,2025-07-25,Fashion,927.05,Web
TXN-132-4,CUST-132,2025-09-19,Fashion,1858.41,Web
TXN-132-5,CUST-132,2026-03-31,Beauty,1347.73,Store
TXN-132-6,CUST-132,2025-09-07,Home,831.26,Store
TXN-132-7,CUST-132,2026-03-17,Sports,311.75,Web
TXN-132-8,CUST-132,2026-03-31,Beauty,1429.16,App
TXN-133-1,CUST-133,2025-05-31,Sports,2081.36,Store
TXN-133-2,CUST-133,2025-06-05,Sports,1336.01,Web
TXN-133-3,CUST-133,2025-04-01,Home,1180.44,App
TXN-133-4,CUST-133,2025-05-29,Beauty,1735.4,Web
TXN-133-5,CUST-133,2025-06-27,Home,1736.55,Store
TXN-133-6,CUST-133,2025-09-06,Sports,986.61,Web
TXN-134-1,CUST-134,2025-12-12,Beauty,2538.15,Web
TXN-134-2,CUST-134,2025-08-21,Home,560.78,App
TXN-134-3,CUST-134,2025-09-07,Electronics,1329.83,Web
TXN-134-4,CUST-134,2026-02-22,Home,1266.75,App
TXN-135-1,CUST-135,2026-03-31,Fashion,604.66,Web
TXN-135-2,CUST-135,2026-03-31,Electronics,468.24,Store
TXN-135-3,CUST-135,2026-03-31,Beauty,,App
TXN-135-4,CUST-135,2026-03-31,Electronics,937.65,Web
TXN-135-5,CUST-135,2025-10-22,Home,1199.63,App
TXN-136-1,CUST-136,2026-03-31,Fashion,1414.39,Web
TXN-136-2,CUST-136,2026-03-31,Fashion,336.41,Web
TXN-136-3,CUST-136,2026-03-31,Fashion,2113.89,App
TXN-136-4,CUST-136,2025-10-31,Electronics,970.05,App
TXN-136-5,CUST-136,2025-12-15,Home,1331.35,Store
TXN-137-1,CUST-137,2026-03-31,Electronics,713.58,Web
TXN-137-2,CUST-137,2026-03-31,Sports,924.19,App
TXN-138-1,CUST-138,2026-03-29,Home,984.76,App
TXN-138-2,CUST-138,2026-03-31,Sports,1331.45,Store
TXN-138-3,CUST-138,2025-11-13,Electronics,663.1,App
TXN-138-4,CUST-138,2026-03-31,Sports,1959.35,Store
TXN-138-5,CUST-138,2026-01-27,Fashion,593.12,Store
TXN-138-6,CUST-138,2026-03-31,Sports,1421.22,App
TXN-138-7,CUST-138,2026-02-12,Electronics,1113.35,App
TXN-138-8,CUST-138,2025-11-23,Home,1090.09,Store
TXN-138-9,CUST-138,2026-02-02,Sports,694.17,App
TXN-139-1,CUST-139,2025-05-14,Beauty,773.47,Web
TXN-139-2,CUST-139,2025-09-23,Sports,520.19,Store
TXN-139-3,CUST-139,2025-06-15,Sports,459.4,App
TXN-139-4,CUST-139,2025-04-21,Electronics,731.78,Web
TXN-139-5,CUST-139,2026-01-04,Home,1075.69,Web
TXN-139-6,CUST-139,2025-03-13,Home,1564.82,Store
TXN-139-7,CUST-139,2025-06-25,Beauty,,App
TXN-139-8,CUST-139,2025-02-26,Electronics,964.02,Web
TXN-139-9,CUST-139,2025-07-25,Electronics,668.31,Web
TXN-139-10,CUST-139,2025-07-21,Home,2707.48,Store
TXN-139-11,CUST-139,2025-10-05,Fashion,1048.07,App
TXN-139-12,CUST-139,2026-02-27,Home,974.13,Web
TXN-140-1,CUST-140,2025-11-14,Electronics,644.37,Web
TXN-140-2,CUST-140,2025-06-27,Fashion,463.1,Store
TXN-141-1,CUST-141,2025-06-25,Home,1923.45,Web
TXN-141-2,CUST-141,2025-04-23,Fashion,582.33,App
TXN-142-1,CUST-142,2025-12-05,Sports,,Store
TXN-142-2,CUST-142,2025-10-07,Electronics,1587.71,App
TXN-142-3,CUST-142,2025-12-27,Sports,597.9,Web
TXN-142-4,CUST-142,2025-09-27,Electronics,715.43,App
TXN-142-5,CUST-142,2025-06-05,Beauty,1244.31,Store
TXN-142-6,CUST-142,2026-02-25,Fashion,1147.88,App
TXN-142-7,CUST-142,2025-09-09,Sports,1484.19,Store
TXN-143-1,CUST-143,2025-06-21,Home,1546.85,App
TXN-143-2,CUST-143,2026-02-14,Fashion,893.84,Web
TXN-143-3,CUST-143,2026-03-31,Electronics,1239.15,App
TXN-144-1,CUST-144,2026-03-11,Beauty,1489.08,Web
TXN-144-2,CUST-144,2025-11-05,Sports,1018.53,App
TXN-144-3,CUST-144,2026-02-25,Home,1180.77,Web
TXN-145-1,CUST-145,2025-04-28,Electronics,1114.7,Web
TXN-146-1,CUST-146,2025-10-28,Beauty,1349.17,Web
TXN-146-2,CUST-146,2026-01-30,Home,723.19,Web
TXN-146-3,CUST-146,2026-03-31,Beauty,935.32,Store
TXN-146-4,CUST-146,2026-02-10,Sports,731.89,Store
TXN-146-5,CUST-146,2026-03-24,Electronics,699.84,App
TXN-146-6,CUST-146,2026-03-31,Sports,1433.78,App
TXN-146-7,CUST-146,2026-03-31,Home,840.05,Web
TXN-146-8,CUST-146,2026-03-31,Sports,2060.55,Store
TXN-146-9,CUST-146,2026-03-31,Electronics,1124.19,Web
TXN-147-1,CUST-147,2026-03-31,Beauty,1209.55,Store
TXN-148-1,CUST-148,2026-02-21,Electronics,1417.51,Web
TXN-148-2,CUST-148,2025-10-25,Beauty,1054.02,Store
TXN-148-3,CUST-148,2026-03-31,Sports,819.54,App
TXN-148-4,CUST-148,2025-10-24,Home,2133.81,Web
TXN-148-5,CUST-148,2025-08-18,Home,1352.06,Web
TXN-148-6,CUST-148,2026-01-13,Fashion,1322.23,Web
TXN-148-7,CUST-148,2026-03-31,Electronics,1121.74,Web
TXN-148-8,CUST-148,2025-12-25,Fashion,696.64,Store
TXN-149-1,CUST-149,2026-03-31,Sports,,Store
TXN-149-2,CUST-149,2025-10-29,Sports,995.16,Store
TXN-149-3,CUST-149,2026-01-06,Beauty,1625.06,App
TXN-150-1,CUST-150,2025-10-31,Electronics,2262.03,App
TXN-150-2,CUST-150,2026-01-14,Beauty,1071.96,Web
TXN-150-3,CUST-150,2026-03-31,Home,316.02,App
TXN-150-4,CUST-150,2026-01-17,Electronics,984.99,Web
TXN-150-5,CUST-150,2025-09-02,Sports,760.81,App
TXN-150-6,CUST-150,2025-11-17,Sports,1102.8,App
TXN-151-1,CUST-151,2026-01-26,Sports,997.99,App
TXN-151-2,CUST-151,2025-10-27,Home,648.02,Web
TXN-151-3,CUST-151,2025-05-14,Fashion,677.71,Store
TXN-151-4,CUST-151,2025-10-28,Beauty,577.0,App
TXN-151-5,CUST-151,2025-08-20,Beauty,1222.21,Store
TXN-151-6,CUST-151,2026-02-05,Fashion,1990.57,Store
TXN-151-7,CUST-151,2025-03-13,Home,828.18,App
TXN-151-8,CUST-151,2026-02-19,Electronics,752.78,App
TXN-151-9,CUST-151,2025-03-13,Beauty,1396.33,Store
TXN-151-10,CUST-151,2025-10-23,Beauty,1371.48,Store
TXN-151-11,CUST-151,2025-04-24,Sports,1422.37,Store
TXN-151-12,CUST-151,2025-11-23,Sports,2009.41,Store
TXN-152-1,CUST-152,2026-03-31,Home,1098.3,Store
TXN-153-1,CUST-153,2025-07-19,Beauty,689.44,App
TXN-153-2,CUST-153,2025-08-27,Beauty,901.41,Store
TXN-153-3,CUST-153,2026-01-04,Beauty,707.12,Store
TXN-153-4,CUST-153,2025-02-20,Home,1288.79,App
TXN-153-5,CUST-153,2026-02-16,Home,1086.12,Web
TXN-154-1,CUST-154,2025-12-09,Fashion,954.14,App
TXN-154-2,CUST-154,2025-08-02,Home,2488.62,App
TXN-154-3,CUST-154,2025-07-24,Beauty,1223.81,App
TXN-155-1,CUST-155,2026-03-31,Fashion,1223.48,Web
TXN-155-2,CUST-155,2026-03-31,Beauty,1930.19,Web
TXN-156-1,CUST-156,2026-03-31,Fashion,1520.01,Web
TXN-156-2,CUST-156,2025-12-08,Home,1796.17,Store
TXN-156-3,CUST-156,2025-12-17,Fashion,970.54,App
TXN-156-4,CUST-156,2025-10-09,Home,535.05,Web
TXN-156-5,CUST-156,2026-03-31,Sports,3230.22,Web
TXN-157-1,CUST-157,2026-03-13,Home,1188.57,Store
TXN-157-2,CUST-157,2025-10-02,Fashion,2421.32,Web
TXN-157-3,CUST-157,2025-12-04,Sports,2114.96,Web
TXN-157-4,CUST-157,2025-07-25,Electronics,1627.94,Store
TXN-157-5,CUST-157,2026-02-03,Electronics,1314.39,App
TXN-158-1,CUST-158,2026-03-31,Sports,898.59,Store
TXN-158-2,CUST-158,2025-11-27,Sports,843.34,Store
TXN-158-3,CUST-158,2026-03-31,Fashion,693.17,Store
TXN-158-4,CUST-158,2025-10-04,Beauty,1101.08,Store
TXN-158-5,CUST-158,2026-03-31,Home,2542.66,App
TXN-158-6,CUST-158,2026-03-31,Fashion,2946.56,Store
TXN-158-7,CUST-158,2026-03-31,Beauty,1441.88,Store
TXN-158-8,CUST-158,2026-03-31,Fashion,,Web
TXN-158-9,CUST-158,2026-03-31,Electronics,1255.17,Store
TXN-158-10,CUST-158,2026-03-31,Beauty,884.03,Web
TXN-158-11,CUST-158,2026-03-31,Electronics,982.28,App
TXN-158-12,CUST-158,2026-03-31,Fashion,1686.02,Store
TXN-158-13,CUST-158,2025-12-19,Fashion,3883.41,Web
TXN-158-14,CUST-158,2025-11-10,Sports,791.17,Web
TXN-159-1,CUST-159,2025-09-20,Sports,2235.93,Store
TXN-159-2,CUST-159,2026-03-31,Fashion,1012.87,App
TXN-159-3,CUST-159,2026-03-31,Electronics,923.86,Web
TXN-160-1,CUST-160,2025-05-16,Home,862.67,Store
TXN-161-1,CUST-161,2025-11-07,Home,1207.79,Web
TXN-161-2,CUST-161,2026-01-18,Sports,1135.23,Web
TXN-161-3,CUST-161,2025-10-22,Home,1350.57,App
TXN-161-4,CUST-161,2026-01-01,Home,1174.54,Web
TXN-162-1,CUST-162,2025-07-12,Home,815.18,Web
TXN-162-2,CUST-162,2025-10-21,Fashion,611.87,Web
TXN-162-3,CUST-162,2025-08-29,Electronics,1332.04,App
TXN-162-4,CUST-162,2026-03-08,Electronics,,Store
TXN-162-5,CUST-162,2026-03-23,Electronics,768.35,Store
TXN-162-6,CUST-162,2025-07-01,Fashion,1401.61,Web
TXN-163-1,CUST-163,2025-10-08,Beauty,994.89,Web
TXN-163-2,CUST-163,2026-02-28,Electronics,910.09,Store
TXN-163-3,CUST-163,2026-03-08,Electronics,765.29,Store
TXN-163-4,CUST-163,2025-06-29,Home,974.76,Web
TXN-164-1,CUST-164,2025-06-30,Beauty,1247.86,Store
TXN-164-2,CUST-164,2025-09-09,Electronics,1812.79,Store
TXN-164-3,CUST-164,2025-05-14,Beauty,1084.71,App
TXN-164-4,CUST-164,2025-06-17,Sports,834.14,Web
TXN-164-5,CUST-164,2025-07-01,Sports,601.77,Web
TXN-164-6,CUST-164,2025-05-06,Sports,1542.93,App
TXN-164-7,CUST-164,2025-05-22,Home,929.89,Store
TXN-164-8,CUST-164,2025-05-09,Sports,1057.23,Store
TXN-164-9,CUST-164,2025-07-23,Fashion,1197.98,Store
TXN-164-10,CUST-164,2025-06-12,Beauty,394.07,Store
TXN-164-11,CUST-164,2025-09-21,Electronics,1470.06,App
TXN-164-12,CUST-164,2025-10-16,Electronics,2601.04,Store
TXN-164-13,CUST-164,2025-08-09,Beauty,2259.47,App
TXN-164-14,CUST-164,2025-07-02,Home,718.63,Store
TXN-164-15,CUST-164,2025-09-20,Fashion,1460.51,Web
TXN-165-1,CUST-165,2025-11-24,Beauty,2223.86,Web
TXN-165-2,CUST-165,2025-12-29,Fashion,1122.86,App
TXN-165-3,CUST-165,2025-12-07,Electronics,1083.02,Store
TXN-165-4,CUST-165,2026-03-09,Beauty,,Store
TXN-165-5,CUST-165,2025-08-30,Home,1896.62,Web
TXN-165-6,CUST-165,2026-03-11,Electronics,879.36,Store
TXN-166-1,CUST-166,2026-03-03,Sports,961.34,Web
TXN-166-2,CUST-166,2026-03-31,Beauty,577.55,App
TXN-166-3,CUST-166,2026-03-31,Electronics,891.77,Store
TXN-167-1,CUST-167,2026-03-31,Sports,1284.39,App
TXN-167-2,CUST-167,2025-07-12,Home,823.55,App
TXN-167-3,CUST-167,2025-11-26,Fashion,1708.29,App
TXN-167-4,CUST-167,2025-10-15,Home,1362.74,Store
TXN-167-5,CUST-167,2026-03-21,Electronics,674.76,App
TXN-167-6,CUST-167,2025-08-07,Fashion,2408.79,Web
TXN-167-7,CUST-167,2026-01-13,Sports,1531.03,Web
TXN-167-8,CUST-167,2025-11-18,Fashion,1356.14,App
TXN-168-1,CUST-168,2025-06-12,Electronics,1191.19,App
TXN-168-2,CUST-168,2025-09-28,Electronics,2433.21,App
TXN-168-3,CUST-168,2025-08-11,Electronics,744.62,App
TXN-168-4,CUST-168,2025-11-20,Sports,755.01,App
TXN-168-5,CUST-168,2025-11-09,Beauty,1593.42,App
TXN-168-6,CUST-168,2025-12-09,Beauty,853.73,Store
TXN-168-7,CUST-168,2025-12-17,Electronics,813.35,App
TXN-168-8,CUST-168,2025-09-20,Electronics,898.84,App
TXN-168-9,CUST-168,2025-12-17,Beauty,1169.3,Store
TXN-168-10,CUST-168,2025-01-29,Sports,1327.61,Store
TXN-168-11,CUST-168,2025-01-11,Fashion,929.65,Web
TXN-169-1,CUST-169,2026-02-09,Home,1098.66,Web
TXN-169-2,CUST-169,2025-09-13,Home,839.78,App
TXN-169-3,CUST-169,2026-02-05,Sports,496.66,App
TXN-170-1,CUST-170,2026-03-31,Electronics,1489.24,Store
TXN-170-2,CUST-170,2026-03-31,Beauty,993.95,Store
TXN-170-3,CUST-170,2025-08-03,Beauty,676.39,App
TXN-170-4,CUST-170,2025-08-29,Home,,App
TXN-170-5,CUST-170,2025-12-18,Sports,1229.55,Web
TXN-170-6,CUST-170,2026-01-25,Electronics,1412.49,App
TXN-170-7,CUST-170,2026-03-31,Fashion,578.95,Web
TXN-170-8,CUST-170,2025-09-25,Home,547.63,Web
TXN-170-9,CUST-170,2026-03-25,Sports,1176.12,App
TXN-171-1,CUST-171,2025-08-23,Electronics,1172.77,Store
TXN-171-2,CUST-171,2025-07-03,Electronics,1170.19,Web
TXN-171-3,CUST-171,2025-11-26,Beauty,1123.19,Web
TXN-172-1,CUST-172,2026-03-31,Electronics,765.82,Web
TXN-172-2,CUST-172,2025-10-28,Beauty,672.61,App
TXN-172-3,CUST-172,2025-11-30,Electronics,1207.83,Web
TXN-173-1,CUST-173,2026-02-21,Beauty,981.14,App
TXN-173-2,CUST-173,2025-12-11,Beauty,1267.35,Web
TXN-174-1,CUST-174,2025-10-15,Home,626.3,App
TXN-174-2,CUST-174,2026-03-31,Electronics,1245.62,App
TXN-174-3,CUST-174,2025-07-17,Sports,641.59,App
TXN-174-4,CUST-174,2026-02-09,Beauty,1322.02,App
TXN-174-5,CUST-174,2026-03-31,Sports,795.22,Store
TXN-174-6,CUST-174,2025-10-04,Beauty,990.76,Web
TXN-174-7,CUST-174,2026-02-21,Electronics,,App
TXN-174-8,CUST-174,2025-08-02,Electronics,1954.61,Store
TXN-175-1,CUST-175,2025-10-03,Sports,1361.65,Web
TXN-175-2,CUST-175,2025-08-31,Fashion,1854.52,Store
TXN-176-1,CUST-176,2025-10-02,Electronics,1016.68,Store
TXN-176-2,CUST-176,2025-05-06,Beauty,767.26,Store
TXN-176-3,CUST-176,2025-05-14,Beauty,1673.94,App
TXN-176-4,CUST-176,2025-11-27,Home,1244.85,Web
TXN-176-5,CUST-176,2025-12-18,Home,954.51,App
TXN-176-6,CUST-176,2025-10-06,Electronics,902.85,App
TXN-176-7,CUST-176,2025-11-15,Electronics,1291.58,App
TXN-176-8,CUST-176,2025-01-24,Electronics,1380.42,Store
TXN-176-9,CUST-176,2025-05-28,Beauty,3346.27,Store
TXN-176-10,CUST-176,2025-03-14,Home,976.83,Store
TXN-176-11,CUST-176,2025-10-03,Home,944.7,App
TXN-176-12,CUST-176,2026-01-01,Fashion,1589.96,Store
TXN-177-1,CUST-177,2025-08-09,Beauty,1526.24,Store
TXN-177-2,CUST-177,2026-02-05,Electronics,1108.63,Store
TXN-177-3,CUST-177,2026-01-05,Beauty,413.09,Store
TXN-177-4,CUST-177,2025-09-11,Electronics,1766.25,App
TXN-177-5,CUST-177,2025-11-26,Sports,877.87,App
TXN-177-6,CUST-177,2026-01-23,Fashion,465.29,App
TXN-177-7,CUST-177,2026-03-31,Fashion,1479.91,Web
TXN-177-8,CUST-177,2025-12-07,Beauty,1619.92,App
TXN-178-1,CUST-178,2025-10-02,Home,,Web
TXN-178-2,CUST-178,2025-07-12,Beauty,1025.81,Web
TXN-178-3,CUST-178,2026-03-14,Fashion,1922.7,Store
TXN-178-4,CUST-178,2025-06-29,Sports,1533.97,Store
TXN-179-1,CUST-179,2026-03-31,Sports,1930.92,Web
TXN-179-2,CUST-179,2026-03-31,Home,947.67,Web
TXN-179-3,CUST-179,2025-10-27,Beauty,1335.01,App
TXN-179-4,CUST-179,2026-03-31,Beauty,1302.88,Store
TXN-179-5,CUST-179,2026-01-09,Fashion,1619.24,App
TXN-179-6,CUST-179,2025-09-10,Beauty,882.47,Web
TXN-179-7,CUST-179,2026-03-31,Beauty,2195.83,App
TXN-180-1,CUST-180,2026-03-03,Home,,Store
TXN-180-2,CUST-180,2026-03-31,Beauty,2411.35,App
TXN-180-3,CUST-180,2026-03-31,Beauty,1826.3,Web
TXN-180-4,CUST-180,2026-01-20,Fashion,950.31,Store
TXN-180-5,CUST-180,2025-12-11,Beauty,596.57,App
TXN-180-6,CUST-180,2026-03-31,Electronics,1867.75,App
TXN-180-7,CUST-180,2026-03-31,Beauty,1086.0,App
TXN-180-8,CUST-180,2026-03-31,Home,1162.97,Web
TXN-002-10,CUST-002,2025-09-12,Beauty,688.21,Web
TXN-ORPHAN,CUST-999,2026-02-14,Home,1200,Web
